cut,page,action,dialogue,se,time,characters,confidence,notes
1,page_003.png,夜空に月、流れる雲。S正面(1+12)に,,,1+12,,medium,コマ0(縦棒のみ・絵に『T..ここから』の指示)は新カットでなくこのカットへ統合。星空の場面(001-002)。冒頭にF.I.指示『ここから』の可能性
2,page_003.png,フレームINしてくる一匹の蝶(?)。A.C.(アクションカット)。鱗粉が舞う。『OK』『A』マークあり,,,4+12,,medium,コマ2(番号なし蝶のリード)・コマ3(丸2)・コマ4(縦棒の続き)を統合。time『4+12』はコマ2右end欄。『鱗粉が舞う』はコマ4本文。手書き判読に不確実あり
3,page_004.png,印をいくつか組んで,,バッ バッ バッ……,2+12,尚善,medium,右コマ上に『正』囲み(セリフ主の指定か)。手の印を組むカット
4,page_004.png,↑じわPAN UP / うすく目を開く,(沈公子)……,,2,沈公子,medium,PAN UP指示。dialogueの『次公子』は沈公子の誤読と判断
5,page_004.png,室内にただよう クムリ(煙)／[STB?],,,4,,medium,左下囲み記号は要確認。場所=復活の儀の部屋
6,page_004.png,同/離れ・外。扉に錠をかける花家爺の手もと。,,ガチャリ…,1,花家爺,high,右コマ『正』囲み=SE主指定か
7,page_004.png,←PAN! 全尺・普通で。 / 土下座する花家妻と婆。連れて家人たちも。(一列作成にコピペ),(沈公子)儀式が終わるまでは、誰もこの中に入らぬ方がいいですね? / 花家妻(婆)「沈公子さま、本当にありがとうございます。この恩は一生忘れません！」,,,沈公子、花家妻,medium,道観/花家・外観。『叙・築地で』は『全尺・普通で』の誤読と解釈。dialogue囲み『沈公子』 ｜ コマ0=継続(縦棒/番号なし)、直前カット7に統合。人名は手書き判読、要確認
8,page_005.png,沈公子それによって片膝をつく。手を取る沈公子、頭を上げる花家妻,沈公子「奥様もお身体には気をつけて」 花家妻「重ね重ねありがとうございます…」,足音,1+3,沈公子、花家妻,medium,コマ1は縦棒のみ＝カット8の続きとして統合。time欄手書き判読
9,page_005.png,同/儀式の間。PAN UP↑、TB:送り 上→下、花家主人へ / 沈公子（出てきていただければ）。苗、異変を感じている。,沈公子(OFF)「それでは失礼いたします。何かあれば私の宿まで」 / 沈公子(OFF)『来ていただければ。』／苗『……』,,7,沈公子、花家主人、苗,low,コマ3(顔のみ・本文ほぼ空白)はカット8〜9間のつなぎの可能性あり要確認。カメラ指示の崩し字判読に不確実あり ｜ コマ0は左に縦棒のみで丸数字なし＝前ページ最後のカット9の続きとして統合。「異変を感じている」は判読推定
10,page_006.png,,花家爺(OFF)『分かりました。爺。』,,2,花家爺,medium,目を閉じた顔のアップ。話者表記「花家爺」は判読推定、要確認
11,page_006.png,眉・目、同口パク（みち）,(OFF)『ここで見張りを。私は』,,2,,medium,左の囲み書き込みは作画指示「眉・目／同口パク」と判読
12,page_006.png,遠のく足音。静まり返る室内,(OFF)『道士様をお見送りします』／花家爺(OFF)『はい』,足音,,花家爺,medium,二人の立ち姿。下部の囲み文字（菊/書 等）はプロップ指示の可能性、判読困難
13,page_006.png,▽（341ほど）↓／(静寂——)(341ほど)↓／ただおり? より,,静寂,9 / 4,,low,燭台（銅雁足灯）のBOOK的描写。time欄は上段9・下段4の二段。括弧内「341ほど」は数値判読不確実、要確認
14,page_007.png,"眉、目
同トレス / ただ眠らず
ふと目を開け、何かを見つける。","…道士様は、ただ眠っていればいいと言っていたけど… / …
あれは…?",,8,苗,medium,actionは『眉・目 同トレス』と読む。dialogue冒頭に丸囲み『苗』の話者表記あり ｜ コマ1左は丸番号なし(縦棒のみ)＝14の続きとして統合。話者は丸囲み『苗』
15,page_007.png,"比較横にね
窓から一匹の(イタチ)が入り込んで。",,,,黄爺,low,『窓から一匹の◯◯が入り込んで』の◯◯部分は丸囲み修正あり、イタチ(黄爺)と推定。要確認
16,page_007.png,"#6%兼用
(苗)のまわり ジタバタ?
まわりをひらひらと飛ぶ。",,,4+12,苗,medium,『#6%兼用』=流用指示。コマ3左(丸番号なし)は16のリード/つなぎとして本文を統合。timeは4+12(秒+コマ)
17,page_008.png,#6 ⅙兼用。FIX。鈴を見つける苗 / 眉を細める。画面切り替え、獲物を散らしながら飛んでいる(蝶?) AC,苗『……。』 / (M)『なんて活らしいんだろう…』,,1+12,苗,low,左コマに丸囲み17。本文『鈴を見つける苗』『苗 ……。』 ｜ コマ1は左に丸囲み数字なし(縦棒のみ)=直前カット17の続きとして統合。本文・台詞は崩し字で要確認
18,page_008.png,兼用。←じわPAN / FIXになり、目を閉じる苗,(M)『最後に そばに来てくれた生き物が 蝶だなんて…』 / (M)『でも、ある意味 私らしいのかもね…』,,,苗,medium,左コマに丸囲み18。台詞末尾要確認 ｜ コマ3は左に丸囲み数字なし(縦棒のみ)=直前カット18の続きとして統合。time欄に『9』らしき記入あるが尺表記としては不明瞭
19,page_008.png,#6 BANK。〜と、軋む床,『ギシ…』,ギシ…,,,medium,左コマに丸囲み19。#6のBANK(流用カット)指定。本文『建』らしき丸囲み記号は要確認
20,page_009.png,気配を感じ視線を下へ。,…?…,,3+12,苗,medium,コマ0とコマ1（scene欄が縦棒のみの続きコマ）を統合。本文の人名らしき丸囲み字は『苗』と読む。台詞は確信低
21,page_009.png,PAN UP 全尺・普通で。苗と花家主人の寝具台の中央あたり。,,,,苗、花家主人,medium,丸囲み人名を『苗』『花家主人』と判読
22,page_009.png,白い兎が乗っているままが動く。苗より（カメラ）。こちらに振り向きそうな白い兎で。↑（部分）PAN UP。,,鈴/鈴…（リン×複数）,4+12,苗,low,コマ3（カット22の絵）とコマ4を統合。『白い兎』は固有名候補に無いがそのまま記載。action崩し字多く確信低。SE欄に繰り返しの記号あり
23,page_010.png,花家屋敷／離れ 祭壇。F.B.＋フェアリング（Fixなし）,,,3,花家主人,medium,action欄崩し字。『花家屋敷/離れ 祭壇』と読む。F.B.は要確認
24,page_010.png,瞳ブレ,…何あれ？,,3,苗,high,dialogue欄に苗(M)とあり、苗のモノローグ
25,page_010.png,もう一体の白い鬼が現れ。,,ずず…,3,,medium,白い鬼＝妖怪。SE『ずず』
26,page_010.png,花家主人の方を向く。○兼（兼用）,,ドシ… ドシ…,3,花家主人,medium,SE『ドシ…ドシ…』。兼用指示あり
27,page_011.png,花家爺の手もとに手を置く 白い鬼。ーと、突如咳込む花家主人,苗(M)…身体が動かない。怖い…怖い…！／花家主人「ぐはっ…」／苗「!?…」,,5+12,花家爺、白い鬼、花家主人、苗,medium,コマ0とコマ1を統合(コマ1左に縦棒/番号なし、直前カット27の続き)。最後のtime欄に5+12
28,page_011.png,身体を起こす,ゴホッ…ゴホッ…う…,,2+12,,high,
29,page_011.png,白い鬼／花家主人 より,苗(M)ご主人様が蘇った…,,,白い鬼、花家主人、苗,medium,time欄記載なし
30,page_011.png,PANして花家主人へ 含めてピン送りあり 下→上へ,花家主人「…ふぅ」(女声:沈公子) / お前たち、今ちょうどその娘を食べてもいいぞ。,,6 / 4,花家主人、沈公子,medium,丸番号読めずコマ4は前ページからの連番で30と補完。29の続きでなく新カット(左にPAN指示あり) ｜ 話者表記『花家主人』、声の指定『沈公子』（『沢公子』は誤読）。絵は手前の人物の手元と右に頭部
31,page_012.png,②PAN→ / 瞳シーンより(瞳PAN寄り),!?…この声は…,,2,苗,medium,話者は丸囲み『苗』(M)。目元のアップ。action欄カメラ指示は読み取り不確実
32,page_012.png,,…人？,,1+12,花家主人、沈公子,medium,話者表記『花家主人』、声指定『沈公子』。time『1+12』(秒+コマ)
33,page_012.png,#6%兼用 ／ —と、いなくなっては苗 ／ まわりを見わたす 白い鬼①と②,どこ行った… 探せ！ ?…?…,,4,苗、白い鬼,low,『#6%兼用』(流用指示)。白い鬼①②のセリフ『?…?…』。手書き判読困難箇所多数
34,page_012.png,尚善 口もとに□(箱/容器)をあてる,し—っ…,,2,尚善,medium,話者丸囲み『尚善』。2コマにまたがる本文を統合(action+dialogue)。口元に何かをあてる仕草
35,page_013.png,梁の上に立っているのは片足。↑PAN-UP(3+0)。気づく苗 / うつむき肩を抱く。背景:救出に使用した術にお帯を解く(続きコマ・縦棒),苗「!! ..っ...」 / 苗「く..っ...!!」,シュルルッ,3+0 / 8+0,苗,low,右ページ第1コマと第2コマを統合。'片足'はマル囲み。PAN-UPは赤字指示 ｜ 左コマに丸番号なし(縦棒・続き)のためカット35に統合。本文崩し字多く要確認
36,page_013.png,←今度、縦に。苗、悔しさで涙を流す / ぎゅっと下の方を睨んで(続きコマ・縦棒),苗(M)「みんな騙された...! さっきのご主人様の声/沈公子の声だ...!」 / 苗(M)「...これは復活の儀/なんかじゃない(小声)」,,9,苗、沈公子,low,左の'←縦に''今度'は崩し字で要確認。沈公子=誤読'沢公子'を正規化 ｜ 丸番号なし(縦棒・続き)のためカット36に統合
37,page_013.png,ぐるりと回り込む↑。苗、ガクッ,沈「借屍環魂だ。屍の身体を借りて魂を融合させる術なんだ(小声)」,,6+12,苗、沈公子,medium,話者マル囲みは'沈'と判断。time '6Hz'は'6+12'の誤読の可能性。要確認
38,page_014.png,とぶとから転落し、眼そっけては涙がでまたって(顔のアップ・涙),そんな…!!(小声),,2,苗,medium,action欄は手書き崩しで判読困難。dialogueは苗のセリフ「そんな…!!(小声)」
39,page_014.png,AC 落ちる涙,,,2+12,,medium,左コマに『AC』記号、本文に『落る』と読める。time『2+12』と解釈
40,page_014.png,乱鬼(沈?)の足もとに落ちる涙,…ポタッ.,ポタッ,1+12,,low,『乱鬼』は丸囲み、人物名要確認。足もとのアップ。dialogue欄に『…ポタッ』
41,page_014.png,,苗(M)：あ…!,,1+12,苗,medium,苗のモノローグ(M)。二人の少女の絵
42,page_014.png,ぐるん！と首を回す（白い鬼©）／たわめてFLU(フォロー)＋り,,ぐりゃっ‥,3,水鬼,low,本文欄は白紙。後頭部のアップの絵のみ ｜ コマ0は左scene欄が縦棒のみで丸番号なし＝前ページ最後のカット42の続きとして統合。SE「ぐりゃっ」。本文の崩し字に不確実箇所あり要確認
43,page_015.png,見つかってしまう（苗と尚善）／T.U.(T.B.)＋ブッキング,,,2+12,苗、尚善,medium,丸番号43。カメラ移動の崩し字は推測、要確認
44,page_015.png,,（花家主人）こやつらを殺せっ!!,,,花家主人,medium,丸番号44。話者「花家主人」と読む
45,page_015.png,のけ反りつつ とっさに柳(剣)をかまえる尚善／降りPAN あり,（尚善）!!っ,,1,尚善,medium,丸番号45。本文崩し字に不確実箇所あり要確認
46,page_016.png,follow／法背(俯瞰)。迫る白い鬼①②,白い鬼①②／（咆哮ー!!）,,,水鬼,medium,丸囲み46。①②は鬼(水鬼)を指す指示記号。『白い鬼』『法背』は崩し字につき要確認
47,page_016.png,突如、光につつまれ。#16 1/2兼用、同/外観。!?…,!?…,,1+12,,medium,丸囲み47。コマ1(縦棒のみ)は47の続きとして統合。#16の兼用(流用)指示。time『1+12』は秒+コマ表記
48,page_016.png,正面出口を吹き飛ばす爆発が起き、けむりの中から、もうじき人(?)が飛んでいく / follow（屋敷上空を旋回して帰っていく BG),師匠からもらった護符はもう切れっ！,(火爆ー!!),3,苗,low,コマ3。左の絵に小さく『2』、丸番号は不明瞭のため直前+1で48と補完。『もうじき人』は人物名か不確実につき要確認 ｜ 絵は苗ら二人。dialogueは尚善カット内の手書き。BGに『B&3/3』様の指示
49,page_016.png,R→ドカーン より(けむりの中を上方へ飛んでいく) / 屋敷上空を旋回して帰っていく。AC,とりあえず帰るぞ！…/ぴしっ!!,(ドゥォォォッ),3,,low,コマ4。左の絵に小さく『9』、右に『3』。丸番号不明瞭のため直前+1で49と補完。SEは『ビゥォォォッ』系の擬音 ｜ 瓢箪が空を旋回。dialogue末尾は要確認
50,page_017.png,OUT/IN。画面手前、通過する瓢箪と苗?。その下方、離れ / 家来が数名、だ?中の様子を見ては、やってくる（花家妻/花家爺）,（家来たち）中の様子はどうだ？/どうなってる？ など / （花家妻）（背)さっきの音、何かあったの？,,5,苗、花家妻、家来、花家爺,low,絵に『花家妻』『四』囲み。dialogueは家来たちの台詞 ｜ 左コマscene欄は縦棒のみ＝カット50の続きとして統合。右側に『走って』の書き込み
51,page_017.png,AC。立ち止まり、家来の報告を聞く,（家来01)（背)奥方様、ご主人様と苗、ふたりとも部屋におりません！,,4,家来、花家妻、苗,medium,絵は花家妻・苗ら・家来の後ろ姿。橋のある場面
52,page_018.png,見開く(花家妻) 唖然とし,主人ですって!! 家人を集めろ! ふたりを探すんだ!,,,花家妻、花家爺,medium,右側に『花家妻』『花家爺(off)』の話者表記。台詞は花家爺のもの
53,page_018.png,○森 上空(夜) (花家主人)の身体の沈降 (以降 沈),はっ…!,,5+12,花家主人,medium,左コマに『不安がつのる じわ(PAN)あり』、中コマに『花家主人(off) はっ…!』。沈降=沈の指定
54,page_018.png,上空を飛んでいく,(沈)…くそ! あと1歩で 花家の財産と女を 手に入れられたのに…! ズン…,,3+12,沈公子,low,コマ3とコマ4が同一カット54に跨る(コマ4左に丸54)。コマ3右の話者表記は『沈』。コマ4左『妖怪たちの雲に包まれて飛行し、舌(?)を追っている』。最終time表記『6』はコマ4のtime欄
55,page_019.png,夜明けまでに何とかあの小娘を殺さなければ…!!,夜明けまでに何とかあの小娘を殺さなければ…!!,,,沈公子,medium,絵は森・岩山の遠景。本文左に『Follow(奥へ)』、右に丸囲み『沈』(沈公子)の台詞。Follow指示あり
56,page_019.png,指示を出す沈。妖怪4体ほど下方の森の方へと向かう,行け! / (妖怪たち)(唸り→,,6+12,沈公子,medium,妖怪たちの羽ばたく動きの絵。台詞主は沈公子
57,page_019.png,森の中。 →を探索状況。その足もと,,足音→,3+12,,medium,(静寂→ の指示あり。SE:足音。コマ2(56)とコマ3(番号なし=足もとの続き)を統合。コマ3左は縦棒のみで番号なし→直前カット統合
58,page_019.png,→Follow しばし歩くと / さきほど放った4体が後方から戻ってくる。 / FIX,"妖怪たち（唸り―）
沈「！…うしろから戻ってきた…？ / 沈「そうか。まやかしの術か。
まっすぐ進んだつもりでも元の場所に戻ってしまう…",唸り―,8 / 7,苗、沈公子,medium,竹林を歩く人物(苗)。丸番号は崩れているが連番補完で58。Follow指示あり ｜ 丸番号なし（縦棒のみ）コマ＝前ページ58の続きと判断し統合。time欄『8』 ｜ 丸囲み『58』が左に明記。前コマと同一カット番号のため統合。冒頭の手書き記号はFIXと推定
59,page_020.png,"↑じわPAN UP
花家主人（黄爺）口もとがニヤリ","(off)いったいどこの道士だ。
裏でこんな下品な術を使う奴は…
黄爺（ニヤリ…）",,6,花家主人、黄爺,medium,丸囲み『59』。『木の主』は花家主人か要確認。丸囲み名は黄爺と読む
60,page_020.png,"FIX
△ FIX (0+12)",私！下品な道士で悪かったな。,,3+12,,medium,丸囲み『60』。time欄『3+12』。動作欄上部に枠囲み記号
61,page_020.png,"立ち止まり 沈
不敵な笑み。","(off)だが、お前も同じようなモンじゃ。
沈「フゥ…",フゥ…,5,沈公子,medium,丸囲み『61』。time欄『5』
62,page_021.png,子供を虐めるだけの道士だ。わし以下かもしれん。一気に襲いかかる妖怪たち,,グォォッ!!,5+12,黄爺,medium,action欄に黄爺のセリフと妖怪たちの動作。縦棒継続コマを統合。time '5+12' と読む
63,page_021.png,回避する黄爺,ふんっ!,,,黄爺,medium,
64,page_021.png,獣のような構えを見せる黄爺 / 作画7B,スキあり!!,,1,黄爺,medium,絵欄に作画指示'作画7B'。time '1'
65,page_022.png,応戦力(沈),させぬっ！,,1,沈公子,medium,絵は刀の柄を握る人物の顔アップ。BG「樋(?)1B」。dialogue『させぬっ！』は沈公子の発話と推測。沈公子は色見本で確認
66,page_022.png,,,ガシャ！,1/2K,,medium,手のアップ。SE『ガシャ！』。time欄に丸囲み『1/2K』のような書き込み
67,page_022.png,兼用 [B7B]+ブロッキング／(沈?)の首根っこを右手で掴むが,,ガシャ！,,,low,森(夜)の人物組み合い。action手書き崩れ大、『兼用』+ブロッキング指定と読む。掴む対象の丸囲み名は判読困難で要確認
68,page_022.png,視界が悪いためか／何かに足蹴にされる。(沈?)が変化。くんりが上がる(?),何っ！？／ーくぅっ…！,ばすわん、!!,2,,low,コマ3(爆発的エフェクト)とコマ4(叫ぶ顔アップ)を同一カット68として統合。コマ3左は縦棒のみで番号なし=68の続き。action『何かに足蹴にされる』『くんりが上がる』は判読不確実、要確認。SE『ばすわん!!』とdialogue『ぶおわん!!』が混在気味で要確認
69,page_023.png,くわりが掛けて。,イヤ黄爺『ぐぅ！』,,,黄爺,medium,左コマ絵は黄爺さんの顔のアップ。dialogue『ぐぅ』は読み不確実
70,page_023.png,Q7Bにて 咆哮する似黄爺 / 画ブレ→より,『ガオォーッ!!』,,4+12,黄爺,medium,咆哮する黄爺(イタチの姿)。dialogueは咆哮、表記不確実。time 4+12
71,page_023.png,不確す 庭庭で？ / ゆっくりと変化を解く,"『庭庭で？』 / 『!?…』 / …りだと悟り 手のね 沈
…なす
問われん",SE,6,沈公子,low,丸番号70。本文の崩し字が読み取り困難で要確認 ｜ コマ0(縦棒のみ＝続き)とコマ1を統合。番号の丸数字が無く、前ページ最後74の後だが、絵の流れと本文から判断。丸番号が読めず74の後の連番として71相当だが確証なし。実際にはコマ2の(72)直前のカットのため71と補完。台詞・SE一部不確実、要確認
72,page_023.png,強烈な咆哮により 消しとぶ。 / 画ブレ→より / ゆっくりと(消えていく)モヤ,『断末魔ー…』 / くそっ… 魂だけ 逃げやがった…,,2+12 / 3+12,沈公子,medium,丸番号71相当だが絵は爆発/吹き飛びのエフェクト。番号は前後連番から補完。time 2+12 ｜ 丸囲み(72)。台詞冒頭に丸囲みの話者名あり(判読困難)。「逃げやがった」は沈公子の眷属/沈公子の台詞と推測
73,page_023.png,"何とか もがく沈(公子) / ←PAN / ○森の上空。
道観へと向かってる 尚善と苗
follow手前
UPPAN より",沈『ぐっ!…』『うぅ…!!』『ぬぅぅ…!!』,,2+12,沈公子、尚善、苗,medium,丸番号71。沈公子のもがく芝居。左の丸番号読み取りが前カットと重複気味のため連番で補完 ｜ 丸囲み(73)。月明かり/変革(変化?)の指示、↓矢印あり。話者なし
74,page_021.png,"ともにぶつかり合う妖怪たち / follow手前。
→ 苗 あり / 視線だけ苗の方へ。","(尚善)どうしてこんなことになったの…
(苗)ご主人様を生き返らせようと思って… / 尚善: 自分が死んでしまうのに？
苗: え？だってご主人様は尚善で。",シュバッ!! ドガガッ!!,3 / 1+12,妖怪たち、尚善、苗,low,丸番号が複数描かれており'14'にも見えるが連番性から64の続き/枝番の可能性。要確認 ｜ 丸囲み(74)。台詞は丸囲み話者名(尚善・苗)に基づく。timeは空欄 ｜ 冒頭コマはscene欄に縦棒のみ＝前ページ(No.74)の続きとして統合
75,page_025.png,Follow OS→ →じわPAN,苗: 将来きっと何らかの功績を上げられる時が来た 大勢の方からも慕われていて…,,7,苗,medium,
76,page_025.png,←TUPAN 平然と話す苗,でも、私は君を犠牲にしてまで 誰も困らせてん… これも私の命で。,,5+12,苗,low,action欄の略号は崩れており要確認
78,page_025.png,Follow 奥へ。 ロールイング,皆: ご主人様を蘇らせる ことが出来るなら、 十分割りに合うのでは ないですか？,,,,low,77は本ページに無い(欠番)。78の丸番号を読む
79,page_025.png,Follow。眉を細め,尚善(皆): 苗ちゃんのご主人様も 苗ちゃんも、命は ひとつしかないよ。 / (尚善)割に合うことなど 絶対なⅡ…,,11 / 3,尚善、苗,low,絵は白紙、scene欄に縦棒のみ。直前78の続きの可能性もあるが本文が新規セリフのため新カットとして扱う。番号は連番補完(78+1=79)。要確認 ｜ コマ0。台詞末尾「絶対なⅡ…」は判読困難
80,page_026.png,森の川辺。ホタル(?)がふわりと舞う,(苗)(off)侯女さまはまだお若いから 分からないのかもしれませんが…,,5,苗,medium,コマ1。台詞冒頭「侯女さま」は判読不確実、要確認
81,page_026.png,川辺の上をゆっくりと通過してく ひょうたん,(off)命の価値はそれぞれ 違うんですよ…,,4,苗,medium,コマ2。話者off表記、苗と推定
82,page_026.png,○兼 Follow手前,(尚善)それはまだ苗ちゃんが 生きてるからそう言えるんだ。でも苗ちゃんが 死んだら…,,,尚善、苗,medium,コマ3。コマ4左(番号なし・縦棒)は同一カットの続きとして統合。time欄はコマ4の『9』を参照
83,page_026.png,PAN 全尺・普通で 木の上でこちらを見あげる 黄爺 「かぶせ」,(苗)…？ (黄爺さん)(off)尚善！ 尚善！ / 尚善(OFF)「黄爺ちゃん…?」,,9 / 4+12,苗、黄爺さん、尚善、黄爺,medium,コマ4。左の絵に丸番号が無く縦棒のみだがコマ3とは別カット顔(苗)で台詞も切替。番号は連番補完で83とした。黄爺さんoffの呼びかけ ｜ action欄『全R・築地で』は『全尺・普通で』の崩し読みと判断。台詞は尚善のOFF
84,page_027.png,降りてくる ひょうたん 同じ高さで浮遊する,苗「ブワァ…」 黄爺「こんな時間まで どこへ行ってた!?」,,4,苗、黄爺,medium,左コマ『正』は苗の略号と推定。ひょうたん=瓢箪(フゥールー)
85,page_027.png,「かぶせ」 いつもと違う 優しい表情,「早くこっちに来い… 心配したんだぞ」,,3,,medium,話者表記なし。文脈上は黄爺の台詞
86,page_027.png,―と、険しい表情の 尚善,尚善「…私.」,,,尚善,high,
87,page_027.png,黄爺の姿が変化して気の塊へ。,黄爺「……」　沈公子「ハハハ……!!」,「ドン」 苗「!っ…」 尚善「不ォォッ!!」 黄爺「コォ!!」,3+12 / 2,苗、尚善、黄爺、沈公子,low,丸番号読めず。直前カット86+1=87で補完。本文崩し字が強く台詞・効果音は不確実、要確認 ｜ 丸番号87。沈公子の台詞は崩し字で要確認
88,page_028.png,上昇、この位置まで／BG.空,苗「なぜ逃げするんですか!? お知り合いじゃないんですか!?」,,,苗,medium,丸番号88。台詞一部崩れ要確認
89,page_028.png,PANして／気の塊が沈公子を形成。,沈公子「ニセモノだ。 !?……」　沈公子「ゾワッ…」,,5+12,沈公子,medium,丸番号89。コマ2・コマ3を同一カットに統合(コマ2左に縦棒のみで丸番号なし=継続)。沈公子の擬音要確認
90,page_028.png,造作を防ぐ。急停止する(ひっかけ)(水平カクでOK),沈公子「…お前に一言忠告しよう。」,,,沈公子,medium,丸番号90。time欄は崩れて要確認
91,page_029.png,鈴がついた帯を取り出す,(沈公子)これ以上、この件に首を突っ込むな。一応、同じ道のもの、お前を傷つけたくはない。,,6+12,沈公子,medium,左欄『全尺・普通で』、PAN指示あり。本文の人名は丸囲み『沈公子』と判読。time『6+12』はやや不確実
92,page_029.png,PAN(←じわPAN),(尚善)お前こそ、これ以上人々を騙し、傷つけるなら容赦しない！　(沈公子)(背)ほう…,,,尚善、沈公子,medium,丸囲み『尚善』『沈公子(背)』と判読。time欄末に『+12』らしき記載あるが不確実
93,page_029.png,(セリフ後に →続き) / RANDom?に懐に手を入れて(尚善),(OFF)たいした腕もないくせに、減らず口を叩くとは、生意気なガキめ！,ゴソゴソ,,沈公子、尚善,low,OFFセリフ。話者は文脈上 沈公子と推測 ｜ コマ3はscene欄に丸番号なし＝93の続きとして統合。コマ4は空コラ(つなぎ)のため出力に含めず。左欄冒頭の英字部分は判読困難
94,page_029.png,鈴がついた帯を取り出す,(鈴─　(沈公子)…私と相手をする気か　面白い… / 沈公子「むい娘、姫様との約束を破る気か…？」苗「！？…」,鈴─,8,沈公子、苗,medium,丸囲み『沈公子』と判読。SE/セリフの『鈴─』はSEとセリフ両義。本文時間欄不明 ｜ scene欄は縦棒のみ＝前ページのカット94の続き。沈公子の台詞は『姫様との約束』と解釈
95,page_030.png,瞳アップ少しずらして,沈公子「それにそのカギがお前を守れると思うか？それともお前の道連れとして。」（じゃがん！瞳づくりの苗）,,8,沈公子、苗,medium,左本文に『瞳づくりの苗』『もう少しずらして(赤字)』のメモ
96,page_030.png,動揺が激しくなる苗,沈公子「そのカギを選んでもいいのか？」苗「！？……」,,2,沈公子、苗,medium,
97,page_030.png,,沈公子「ふたり、一緒に死にたいというのだ？」,,2+12,沈公子,medium,左下に判読困難なメモあり
98,page_030.png,兼用 BOOK。沈公子、尚善に,沈公子「そこの小娘、お前の本心はどうなのだ」尚善「？…」,,3+12,沈公子、尚善,medium,『兼用』『BOOK』のメモ。沈公子が尚善に語りかける場面と解釈。timeは判読難
99,page_031.png,PAN↘ 全尺・普通で,(沈公子)そいつはお前とは一切関係のない娘。そいつに『助けてほしい』と過大な要求をされただけのこと…お前は子供。そいつの身勝手な想いだけで。,,,沈公子,medium,月明かり(月明り)の指示あり。コマ1(縦棒・番号なし)は本カットの続きとして統合
100,page_031.png,(尚善)お前が犠牲になることなどあり得ない。(尚善)でたらめを言うな!!,,,4,尚善,medium,
101,page_031.png,○兼(沈公子)眉を細め。月キラッとポリ合体(?),(沈公子)でたらめだと…。(尚善)そうだ! でたらめだっ!,,2+12,沈公子、尚善,low,左欄『兼』(兼用)。最下部の手書き判読困難。time『2+12』推定
102,page_031.png,○兼,(尚善)困っている人を助けてなぜ悪い。見て見ぬふりをしろとお前に言われる必要もない!,,4+12,尚善,medium,左欄『兼』(兼用)。time末尾判読やや不確実
103,page_032.png,尚善,私は自分で決めた人だ！私が山を降りたのは,,3+12,尚善、苗,medium,左コマに「尚善」「苗に」、右コマに台詞。冒頭の丸囲みは尚善と読む
104,page_032.png,兼（兼用カット指示か）,あなたを助けたかったからだ！苗 !!…,,,苗,medium,左に丸囲み「兼」＝兼用の可能性。台詞末に「苗 !!…」
105,page_032.png,ポロポロと涙を流す苗 / ポロポロと涙を流す苗（続き）,おや？娘、なぜ泣く？分からないな…一度は死ぬと決めたのに、なぜ今さら,,4+12 / 3,苗、沈公子,low,コマ2(絵106番なし)＝丸番号無く左に動作記述、105のカットに統合。time「4+12」 ｜ 絵に「105」丸囲み。台詞冒頭の丸囲みは沈公子(沈公=「沢公子」誤読注意)、後半「神」または別話者の可能性。前コマと同一カット105に統合すべきだが番号判別が難しいためmedium保留
106,page_032.png,←じわPAN ／ 目を閉じ泣きつづける苗 ／ 生に執着する,,,,苗,medium,絵に「106」丸囲み。「じわPAN」=slow PAN。action欄「生に執着する」
107,page_033.png,前回りこむ,沈公子(前):壮大な志を抱いては者は、想いをとげた早くにこの世を去る…,,,沈公子,medium,action欄の冒頭手書き判読困難。dialogue一部不明瞭
108,page_033.png,両腕を組みつつ話しつづける沈公子。グムリのおにゆらめく気 / クムリのおにゆらめく気,沈公子:一生だらだらと暮らしてきた凡人が100歳まで長生きするなんて…ほんとうにくだらないと思わないか？ / 尚善:だまれっ！ 沈公子(##):よく考えてみろ、娘が大人しく生贄に,,9,沈公子、尚善,medium,コマ1とコマ2を統合。コマ1左にも沈公子表記あり ｜ コマ2の本文。コマ番号108の続き判断だがactionに沿って統合
109,page_033.png,↑PAN UP・じわブツブツ(FIXなし),なってくれたら、娘の主人も難るんだ。老家の人々も豊かな暮らしが続けられる。これ以上、その娘が / 抵抗するだけ、お前にも迷惑がかかる。そして、花家にとっても大きな損失が出る,,5+12 / 9,,medium,コマ3。dialogue一部判読困難 ｜ コマ4はscene欄に丸番号なし＝109の続きとして統合
110,page_034.png,顔を上げ,で…でも…！　復活したのはご主人様じゃない…ホウキョウだ…！,,3+12,苗,medium,action「顔を上げ」、dialogueは苗の台詞。最後の妖怪名は『ホウキョウ』と推定したが字形不確実、要確認
111,page_034.png,,バカな娘だな。そんなことを気にするのはお前だけだ。,,,沈公子,medium,話者記号を『沈公子』と判読。time欄不明瞭
112,page_034.png,兼用／回り込み？　両腕・組んでます,皆が心配しているのは花家と安定した今の暮らしだ。花家の主人がどんな人なのかなど、誰も気にしてはいない,,5+12,沈公子、苗,low,action欄左の指示は『兼用』＋方向指示と推定。dialogueの話者記号は丸囲み判読困難。文意から沈公子の台詞
113,page_034.png,回り込み,君が死ぬだけで全て花家が元の形に戻すんだ。だから皆のために君が犠牲になってもらえるか？,,,沈公子,medium,action欄に四角囲み指示。dialogueは沈公子の台詞
114,page_034.png,兼用／フレーム位置 調整,うるさいっ！　そんなに自分が偉いというなら…！,,2+18,苗,medium,話者記号『苗善』様の丸囲み→『苗』と判読。dialogueは苗の反論
115,page_035.png,鈴のついた帯を胸の前に。発光する鈴。帯を広げる尚善。広がる波紋。,お前がこの世のために…　死ね！,鈴 パァ／鈴ー！！,,尚善,medium,右コマ本文を統合。SE「パァ」「鈴ー！！」を含む
116,page_035.png,合わせてQ PAN。水中へと空間が変わる。兼用。,沈公子…,どぷ,1+12,沈公子,medium,「合わせてQ PAN」と読む。time欄 1+12（秒+コマ）。沈公子の囲み台詞
117,page_035.png,気泡がのぼる。3つの鈴が沈公子をとり囲み、ほのかに発光。,調子にのち…,,,沈公子,medium,鈴が沈公子を囲む描写。台詞「調子にのち…」は判読難、要確認
118,page_035.png,沈公子、ゆっくりと魚を召喚させる。鈴に向かっていく。 / 鈴を噛み砕く。合わせて回り込み,ぐわっ,召喚ー,,沈公子,medium,丸番号は読めず、直前117の連番で118と補完。SE「召喚ー」、time欄に「4」記載 ｜ コマ0とコマ1は縦棒のみの続きコマとして統合。dialogue丸囲み主体は判読難、ぐわっと発声
119,page_036.png,水流が巻き起こり収束。尚善の術が逃げたか,水流ー!! …逃げたか。,,2+12,尚善、沈公子,medium,コマ2・コマ3を統合。コマ3右の『解ける/ふわりと残る帯』も同術の描写。time '2+12' はコマ1右の数字
120,page_036.png,ふわりと残る帯。それをキャッチする沈公子（手もとアップ） / 帯を燃やす,若くして因譚(しおたん)の術を使いこなすとは…（ぎゅっ…）,ボボボッ…,4+12,沈公子,low,『因譚の術』は判読不確実で要確認。沈公子の手もと ｜ このコマはscene欄に縦棒のみで丸番号なし＝前ページ最後のカット120の続きとして統合。SE『ボボボッ…』
121,page_037.png,"高速ワープ
妖怪を召喚。
解き放つ","（沈公子）
ふたりを探せ。
次で最後だ…",,,沈公子,medium,丸囲み『121』。dialogueの主は丸囲み『沈公子』と判読
122,page_037.png,"画面に迫る妖怪たち
妖怪たち","（妖怪たち）
（唸り）",,3+12,沈公子の眷属の妖怪,medium,丸囲み『122』が左コマに。複数コマ（左絵＋本文）を統合。time『3+12』
123,page_037.png,"森の中。
BOOK＋フッテージ／ブッキング
茂みの中で隠れてる尚善
見あげている。",,,4+12,尚善,low,丸囲み『122』のコマ3とは別に、コマ4右本文に丸囲み『尚善』。連番から123と補完。『BOOK＋…』のカナは判読困難で要確認。time『4+12』
123A,page_038.png,森の中、苗ともう一人の少女の上半身。竹林の手前で立っている,あの術にかかっても、なぜ傷ひとつ付かないんだろう…,,5,尚善、苗,medium,123Aは実在枝番。dialogueは尚善の台詞。話者表記「尚善」
123B,page_038.png,反正して引きへ。二人のすたか背後に黄爺。腰を抜かす苗,黄爺「修行の差じゃち。」 苗「ひっ！」 尚善「！！」,,2,黄爺、苗、尚善,medium,123Bは実在枝番。森の中、背後に黄爺が現れる
124,page_038.png,黄爺の顔アップ,黄爺「なにをビビっておる。そんなんじゃ死ぬぞ、バカ共。まわしはお前たち」,,5+12,黄爺,medium,time「5+12」と判読
125,page_038.png,苗ともう一人の少女、驚いた表情,「など興味がない。たまたまここで薬草を摘んでただけじゃ。」 苗「ホ、ホンモノ？」,,,苗,medium,話者は黄爺の続き台詞と苗
126,page_038.png,結界の符のアップ。「結界の符」,尚善「大丈夫。ホンモノ。」 尚善(off)「爺ちゃん、ありがとう。」,,8 / 3,尚善,medium,上段time「8」、下段time「3」。下段尚善は(off)指定
127,page_039.png,複数貼ってある。（妖怪の絵） / 二人の頭上には妖怪が浮遊している,（尚善）でもこれからどうしよう。（黄爺）（背）容疑人じゃ。だが少し確認したいことがある。 / 娘よ、全てを話せ。（苗）…はい。,,9+11,尚善、黄爺、苗,medium,丸番号127。次コマは縦棒(続き)として統合 ｜ コマ1は縦棒のみ＝127の続きとして統合。timeは『9+11』と推定
128,page_039.png,横のヒゲに触れつつ,（黄爺）…ふーん、やはりだ。奴が花家の若様を殺したんじゃ。,,5,黄爺,medium,丸番号128
129,page_039.png,,（苗）え…？（尚善）！…（黄爺）,,1,苗、尚善、黄爺,medium,丸番号129
130,page_039.png,F.I. △(H12)にて イメージ回想 同　訳速 BG 屋敷の装飾イメージ,（黄爺）(off) 20年前、奴は沈家の若様を殺して身体を奪った…,,6,黄爺、沈公子,medium,丸番号130。『沈家』はep7敵役の沈公子に関連。action中の崩し字は要確認
131,page_040.png,E.バック?,若くして健康な身体と膨大な財産を手に入れたと思ったが…,,,黄爺,medium,右上の黄爺は丸囲みで話者表示。action欄左上は崩し字で読み取り困難(『E.バック』?要確認)
132,page_040.png,トビがわって,ピシッ…／沈家の若様は生まれつき病弱だった…,ピシッ,1+0,黄爺、沈公子,medium,話者『沈?』と『黄爺』の二つ。『沈家』表記は文脈上『沈家(沈公子の家)』。time欄に『10』とあり1+0と解釈。要確認
133,page_040.png,←PAN 全尺・普通で,このままでは身体を失うと思った奴はより豊かな財産を持つ花家に目を付けた。,,6,,medium,絵に『#6 BANK』、左上の崩し字は『全尺・普通で』と解釈。PAN指示あり
134,page_040.png,#6 ラスト 復活の儀シーン ダイジェストで／F.O.(2+0),同じ術を使い、飼っていた鬼を操って花家若様の身体を奪ったんじゃ…,,8+12,,medium,BANK指示『#6ラスト 復活の儀シーン ダイジェストで』、F.O.(2+0)。time『8+12』と解釈
135,page_040.png,戻って ○兼,…それでも苗ちゃんを狙ってるのは秘密がバレると困るから? / そんなことではない。秘密を守りたいのなら、わざわざ娘を生贄にさせる必要はない。,,1+12,尚善、苗、黄爺,medium,丸囲み話者『尚善』と解釈。『兼』=兼用指示。絵は人物の点景(俯瞰) ｜ コマ0(縦棒・番号なし)とコマ1(丸囲み135)を統合。コマ0右はOFFの黄爺セリフ。コマ1右は『おそらく彼女こそが儀式を成功させる鍵なんじゃ。苗?…』を含む。話者は黄爺/苗。前ページ末135の続き
136,page_041.png,はじめ→じわっと寄り,夜明け前までに、奴が操る鬼たちに娘を食わせないと儀式は失敗し、奴の魂を,,5+12,黄爺,medium,丸囲み136。time『5+12』はコマ1右下の数字。コマ2・3にまたがる本文を統合
137,page_041.png,寄った分引いて／ニヤリと笑う黄爺,新たな身体と融合できなくする。守ればいいんだ！ そうじゃ、ここに隠れていれば全ては解決する。,,4,尚善、黄爺,medium,丸囲み137。コマ3右に尚善『そうか！だったら苗ちゃんを朝まで守ればいいんだ！』、コマ4右に黄爺のセリフ。time欄は『14』『4』と読める箇所あり要確認
138,page_042.png,"夜空には月
枝雲が通過して","黄爺(off)「太陽が昇れば、奴は仕舞いじゃ。」
苗(off)「朝まで…」",,,黄爺、苗,medium,action欄の手書き判読。場所は星空/森の境界
139,page_042.png,じわ回り込み／手前のボケ,"黄爺(off)「心配するな」
(off)「ここ一帯に結界を張った。簡単には見つからんはずじゃ」",,6 / 4+12,黄爺,medium,time欄は上段6、下段4+12と読む
140,page_042.png,苗カット／黄爺へPAN（矢印）,"黄爺「…」
「本当にありがとうございます。」",,,黄爺、苗,medium,右本文上に(刀)兼の記号あり。話者は苗側の可能性、要確認
141,page_042.png,黄爺をハッと見る尚善／苗をパッと見る尚善 / ―と、遮るように黄爺のセリフ。,"でも、もし見つかってしまったら、お嬢様は侍女さまを連れて逃げて下さい…
尚善「！」 / バカバカしい。
尚善「！…」",,7+12 / 8,尚善、苗、黄爺,medium,番号141。本文の話者は苗、尚善が反応。time 7+12と読む ｜ コマ0はscene欄に丸番号なし(縦棒あり)。ヘッダNo.41、前ページ最後142だが、このコマは絵が苗のアップで番号記載なし。time欄に8。直前カット141の続きと判断し統合。番号要確認
142,page_042.png,兼 FIX／何か言おうとするが / それと…,"苗(off)「沈公子さまの目的は私だけなのです。おふたりには何も関係ありません。」 / 黄爺「わしが何も知らない
なら それでも良いが。
今ここには以上
見逃すことはできぬ。
それと…」",,9,苗、沈公子、黄爺,medium,番号は左コマに丸数字無く縦棒のみだが、絵が141と別カット(141は苗顔アップ)。直前カット141の続きの可能性あり。本文が独立内容のため新カット142として補完。要確認 ｜ 丸囲み142
143,page_043.png,"○兼
→ じわPAN
爺を諦めるか…
(口…",,,3+12,黄爺,low,丸囲み143。action欄に兼用・じわPANの指示。time『3 1/2』は秒+コマ読みで3+12と解釈。崩し字多く要確認
144,page_043.png,"○兼
F.I.△(BK)して
→ カト尻 -c
苗「…わ。」",苗「…わ。」,,3+12,苗,low,丸囲み144。F.I.・兼用指示。time『3 1/2』→3+12と解釈。要確認
145,page_043.png,"黄爺が死尾で
眠っては尚善を
苗の隙から運ぶ。 / 足をのばし さわる 苗",苗:…ふぅー..,,4,黄爺、尚善、苗,medium,丸囲み145 ｜ 冒頭の縦棒のみのコマ＝前ページのカット145の続きとして統合。time欄『4』
146,page_044.png,"A.C.
→と苗の前に人形の蝶が舞ってくる。","蝶:カサカサ…
苗:…え？これって。",,4+12,苗,medium,丸番号146。下段に蝶（人形蝶）の顔のラフ
147,page_044.png,"BG +ブッキング
突如、苗を取り囲む黒いモヤ.","蝶:ズワワッ!!
苗:きゃあ!
沈公子:!…",ズワワッ,2,苗、沈公子,low,丸番号147。3人目の話者は丸囲み、字形不明瞭で沈公子と推定（要確認）
148,page_044.png,"沈公子 持っていた鎌で斬りかかる.
このカットから持ってOK",,グォッ!,1,沈公子,low,丸番号148。話者丸囲みの字形不明瞭、沈公子と推定（要確認）。下段にメモ『このカットから持ってOK』
149,page_044.png,"BG パタに 引き走って TU
真っ二つに切られた / ひらりと潜って ピン送り 上→下へ 降下しては（沈公子）へ",（沈公子）…またお前か。しつこいぞ！,斬ッ!!,8,沈公子,low,丸番号149。action欄のカメラ指示は崩し字で『TU/T.U.』含む推定、要確認 ｜ コマ0は左に丸番号なし、前ページからの続きカット149に統合。「沢公子」は誤読のため沈公子に修正
150,page_045.png,セリフありつつ 尻尾をしまう（黄爺） 立ちあがる（尚善）,（黄爺）お前にはその病弱な身体が一番似合っておる！,,,黄爺、尚善,medium,丸番号150。人名「黄爺」「尚善」と読む
151,page_045.png,（沈公子）静かに着地,そのまま消えてしまえ！ （沈公子）それは嫌だな。俺はまだ…,,7,沈公子,medium,丸番号151。コマ2とコマ3を統合（コマ3の左は番号152だが本文は連続）。「沢公子」→沈公子に修正
152,page_045.png,,もっと生きていたいんだっ！,,3,,medium,丸番号152。コマ4の絵と本文。time欄の数字はコマ3側に3とあり要確認
153,page_046.png,襲ってくる妖怪たち。セリフ・モノローグ。妖怪たちを斬っていく黄爺。わしが送り届けてやるわ！ 「斬っ！」「斬っ！」 刀をダッシュ力と同時に斬り伏せる,妖怪たち（唸り）― お前さまは早くお前に会いたいとな！ わしが送り届けてやるわ！,斬っ！／斬っ！／ダッ！,4+12,黄爺さん、沈公子の眷属の妖怪,medium,コマ0(妖怪たち/唸り)・コマ1(セリフ)・コマ2・コマ3を同一カット153に統合。左scene欄に丸囲み153。コマ2・3の左には縦棒のみで新番号なし＝続き。手書き崩れあり一部推測
154,page_046.png,フラッシュIN＋ダブり、背後から取り押さえている黄爺。沈公子と剣を構えて応戦,黄爺「ガキィン…！」 黄爺「らじゃ、早く行け！」,ガキィン…！,2+0,黄爺さん、沈公子,medium,左scene欄に丸囲み154。「フラッシュIN」「ダブり(W/B)」と読める。time欄『2+0』は読み難く要確認。崩し字多く推測含む
155,page_047.png,沈公子、黄爺をつかむ／ひょうたんに苗を引っぱり込む尚善／ひょうたんが巨大化した,尚善「爺ちゃん、ごめん！任せる！」,,2,沈公子、黄爺、苗、尚善,medium,左本文の「ひょうたん」「巨大化」など崩し字を文脈から判読
156,page_047.png,鎌（とどめにいくクリ）,沈公子「そうはさせぬ！」,,1,沈公子,medium,左上手書きの動作部分は判読困難。鎌の文字あり
157,page_047.png,再び妖怪を召喚する沈公子,妖怪たち「（吼え）リ―」／佐(SE)バ,,,沈公子、妖怪たち,low,右本文の括弧内擬音・SE記号が不明瞭。timeは空欄
158,page_047.png,ひょうたんに体当りする妖怪たち／ひょうたんから飛び出す尚善と苗／ひょうたん元のサイズへ／ひらりと着地する尚善、ひょうたんをキャッチし印を結ぶ,苗「ぱわっ！」／苗「きゃあっ！」尚善「うっ！」／佐(SE)「（着地―」／SE「ドサっ…」／佐「パシッ」,ドサっ／パシッ,2+12,尚善、苗,medium,コマ3とコマ4左下を158に統合（コマ3左に丸番号なし＝続き、コマ4左に158あり）。ただしコマ3には別途time「2+0」あり、コマ4に「2+12」あり。番号の境界は158がコマ4からなのでコマ3は157の続きの可能性もあり要確認
159,page_048.png,フラッシュバック後／結界を張る尚善、立ち上がる苗,尚善「苗！！」,,,尚善、苗,medium,丸番号159。左コマに枠線（縦棒）はあるが新番号なし＝同一カット扱い。本文の「フラッシュ」「結界を張る」「立ち上がる」を統合
160,page_048.png,再び襲ってくる妖怪たち／フレームイン、A.C.。結界の中央でくるくる回る瓢箪（フゥールー）、体当たりしてくる妖怪たち,妖怪たち（唸り）—,ギィン！／ドガガッ！！,2,,medium,丸番号160（左コマ）。コマ1（番号なし）とコマ2（160）の本文を統合。「ひょうたん」=瓢箪。timeは右端「2」
161,page_048.png,画ブレ。耐えている尚善,尚善「苗ちゃん、私から動かないの！」,,,尚善、苗,high,丸番号161
162,page_048.png,手もとアップ、つかむ手元。懐から護符を出して、あいつらに投げつけて！,,,4+12,,medium,左コマに枠線（縦棒）あり丸番号なし＝同一カット。番号は連番補完で162。timeは右端「4+12」と判読
167,page_050.png,,苗「やった！効いてるっ！」尚善「まだすぐに来る！備えてて！」,,4,苗、尚善,medium,action欄は空。dialogue話者は丸囲み記号から苗・尚善と判断
168,page_050.png,,苗(ゆ)「はいっ！」尚善(M)「あと少しで朝がくる…！」,,3,苗、尚善,medium,(ゆ)(M)はモノローグ等の指示か。要確認
169,page_050.png,,黄爺(背)「尚善…！」,,,黄爺さん、尚善,medium,time欄空。話者は黄爺(背中)
170,page_050.png,"沈公子の剣がうねりだし / ↑じわPAN→じわT.U.
鎌の刃が蛇の胴体に入らず。","沈公子「こんな時でもまだ他人を心配するとは…俺を見くびったなっ！」 / (黄爺)
ぐっ!…切れねえ…!
尚善っ…!!",,3,沈公子、黄爺、尚善,medium,scene欄に丸番号なく縦棒のみのため直前から連番補完で170。話者は沈公子(誤読防止) ｜ カメラ指示は崩し字、じわPAN/T.U.と推定
171,page_050.png,"一気に蛇へと変化し、黄爺にからみつく / (沈公子)
結界にむけて符を投げる","沈「ぞわわっ!!」黄爺「ヒ…！」 / (沈公子)
フゥ…",,7 / 1,沈公子、黄爺さん,medium,番号なく連番補完で171。黄爺の台詞は判読困難 ｜ scene欄に丸番号171。沈公子=「沈公子」読み
172,page_051.png,"兼用
「ブシーマん色」:
ショック的に入れて","(沈)ピタッ
(沈)",ピタッ,1,沈公子,low,左本文一部判読困難。兼用(流用)指示あり。色指定らしき記述あり要確認
173,page_051.png,"↓PAN Down
吐血ね(尚善)
3フレーム下さい","(尚善)
ごほっ!!
(苗)(M)
侵される…っ!",,,尚善、苗,medium,丸囲み「苗」と推定、(M)モノローグ
174,page_051.png,流れる血を拭うこともなく、前方を見据える。 / 尚善のあと 動ブリ?していく 沈公子,"(沈公子)(M)
おやおや お嬢ちゃん
ますます気に入った。 / もし君が男だったら 花家主人の身体 すべて不要になったのに。",,4+12,沈公子、苗、尚善、花家主人,medium,左コマは丸番号なし(縦棒)で173の続き、本文を統合。時間4+12 ｜ BOOK(B①)指示あり。本文の判読難箇所あり
175,page_052.png,立ち止まり再び符を構える,さぁ、あと何回 耐えられますか？,SE先行あり,,沈公子,medium,絵は人物アップに「？」。話者は不確実、要確認
176,page_052.png,一(リング状)…と・迫る鎌 回転して。,,トゥン・トゥン トゥン トゥン!!,,,medium,SEは丸囲み(TE/SE)。鎌の回転描写
177,page_052.png,振り向きざまた鎌が胸部を斬りつける。スロー（後にBアートで地面に刺さっている）,,沈公子 ぐはっ! / ザシュッ!!,2+12,沈公子,medium,timeは右端コマの「2+?」を秒+コマと解釈、要確認
178,page_052.png,PAN / ハンドヘル? 蛇に噛みついている 苗 スロー / ノーマルスピードになって 蛇がさらにしめつける,ギュルルッ…！,ギュルルッ…,3,苗、黄爺,low,action欄の略号判読難。「苗」丸囲みは要確認 ｜ 冒頭コマはscene欄に丸番号なし＝前ページ178カットの続きとして統合。dialogue『ぐおっ!?』は黄爺。time欄に『3』
179,page_053.png,↑じわPAN UP 険しい気をまとう（沈公子）,クソったれ！イタチごときが俺を傷つけるだと！,,,沈公子,medium,絵丸番号179。『沈公子』は『沢公子』の誤読を避け沈公子で統一。左下『画ブレ』らしき指示
180,page_053.png,,（妖怪たち）（喘ぎ）—,,,沈公子の眷属の妖怪,medium,絵丸番号180。『妖怪たち』のセリフ。森(夜)シーン
181,page_053.png,妖怪たちが次々と体当たりをして / 涙を浮かべて（苗）,芦花「ちょ…」 苗「あぁ…！」 芦花「苗ちゃん…」,バッ…ゴッ…,2,沈公子の眷属の妖怪、芦花婆さん、苗,medium,scene欄に丸番号読み取れず、連番で181と補完。SE『バッ』『ゴッ』 ｜ 右本文に苗の顔（横向き）あり。dialogue一部崩し字
182,page_053.png,遠くの森へ切り飛んでいく / 中山UP！ 全尺・普通／涙を浮かべて（芦花）,ヘッ…ヘッ… / ごめんね… 私たちもう… ダメかも…,,4+12 / 5,芦花婆さん,low,scene欄に丸番号読み取れず連番で182と補完。time『4+12』(4秒12コマ)。SE/喘ぎ音らしき手書きあり ｜ action冒頭の崩し字は要確認。カメラ指示UPあり ｜ scene欄に縦棒のみ＝182の続きコマとして統合。手元の絵
183,page_054.png,PAN／全尺・普通で やがてW.0▽ B反（HO）ほど,苗「！…」,,6,苗,low,右コマに目アップの絵。action欄カメラ指示は崩し字多く要確認。time「6」
184,page_055.png,T.U.△(けむ?)に苗の幼少期・回想,男の子(off)「こんな気持ちワルい虫、死ねばいいんだ!」,,5,苗、近所の男の子,medium,action欄1行目「T.U.△(けむ)に」読み取り不確実、要確認。回想シーン。男の子=近所の男の子
185,page_055.png,イメージいっぱいから,苗(幼)「なんで?今はそうかもしれないけど。きっとキレイな蝶になるよ!」 男の子,,,苗、近所の男の子,medium,action欄「イメージいっぱいから」読み取り不確実
186,page_055.png,飛ぶ虫を見る苗(幼)／そしてもし醜い虫になったら、どうすんさ／戻って じわっと 地面に刺さった鎌。刃に苗が映り込んで。,男の子「もし醜い虫になったら、どうすんさ」 苗(幼)「それは…」 「…殺しちゃうかもよ。」,,10／5,苗、近所の男の子,low,コマ3(番号なし・絵ほぼ空、scene欄に縦棒のみ)とコマ4(186)を統合。コマ3は番号なしのため直前カットの続きと判断したが、コマ4に丸番号186があるため別カット。コマ3本文「飛ぶ虫を見る苗(幼)/そしてもし醜い虫になったら、どうすんさ/それは…」はカット境界が曖昧で186へ統合。time欄に10と5が混在、要確認
187,page_056.png,ポン寄り。暗い表情の苗(映り込む)。うつろな瞳,…繭を破って出てきたのは…,,4,苗,medium,
188,page_056.png,苗の目の壺の中のものを見ている,屍だ…,,2,苗,medium,「屍だ」やや不確実
189,page_056.png,足元。歩いてくる(足音)。画面左へ,(尚善 OFF)苗ちゃん…！,足音,3,尚善、苗,medium,
190,page_056.png,後ろ姿の苗,(苗 OFF)沈公子さま…,,,苗、沈公子,low,「沈公子さま」やや不確実
191,page_056.png,ゆっくりとこちらを向く沈公子,(沈公子)…… / 生贄としての私が、貴方が飼ってる鬼に食われる前に死んだら…,,5+12 / 6+12,沈公子、苗,medium,丸番号は読めないが連番で補完(190の次) ｜ 苗のセリフ。time欄は6+12と解釈
192,page_057.png,↑PAN UP するアリング／自身の首もとに鎌の刃を向ける(苗),儀式は失敗するでしょう…,,,苗,medium,コマ2(左:番号なし縦棒のみの絵、右:本文白紙)は192の続きとして統合
193,page_057.png,フカン／(苗)の方に身体ごと向ける(沈公子)／PAN UP,(沈公子)…ムダだ。君が先に死のうと儀式は失敗することはない。,,,苗、沈公子,medium,「沈公」=沈公子。コマ4(左:白紙絵)は本カットの続きとして統合
194,page_057.png,冷たい目つきの沈公子,"(苗)そうですか？そうじゃないですよね…だとしたら、そもそもこれはあなたと私、ふたりだけの問題… / 沈公子「・・・」
苗(off)「私は大人しく生贄になります。だから…」",,18+12 / 5,苗、沈公子,medium,丸番号無く左は白紙絵だが、本文に新セリフ＋timeあり。直前193から連番で194と補完 ｜ action欄「冷たい目つきの沈公子」と読む
195,page_058.png,○兼 ズーム位置調整／涙ながらにうったえる苗,「姫さまを見逃してください…」(訴える声),,3,苗,medium,
196,page_058.png,→ 6コマ ／ ぎょっとする尚善,"尚善「！？…」
「苗ちゃん…？」",,2+12,尚善、苗,medium,time「2+12」
197,page_058.png,苗のもとへ走ってかくす(花家爺が扉?の文脈),苗「姫さま、早く行ってください!! お姉さまも大ケガをしているはず…!」,,5,苗,low,action「苗のもとへ｜パン｜でかくす」と読むが崩れあり要確認
198,page_058.png,瞳ブレ／196の芝居の続き(TB),"(苗)「助けてあげて。」
尚善「てそっ…!／苗ちゃんの命を守らないと…!」",,5,苗、尚善,low,左欄「196の芝居/TB」と推測。尚善セリフ冒頭「てそっ」は要確認
199,page_059.png,BG ノーマル？→○ぜん→○OL ふわりと風になびく髪。フレームインして。（髪のすそ○K）,（苗）そう…命は大切なもの,,4,苗,medium,action欄のカメラ指示の一部は判読困難。BG処理・OL（オーバーラップ）と読む
200,page_059.png,BG T.U. 蝶も舞う。（苗）アンダー。○ばば このいゔまで,（背）だから、お爺さまを守ってあげて。お願い…！,,5,苗,low,「お爺さま」は黄爺さんを指すと思われる。action欄の崩し字多く一部推測
201,page_059.png,,（苗）！ っ…,,2,苗,medium,下段に別人物の顔（矢印付き）。台詞は短い驚き
202,page_059.png,決意打 ○直善 / 花家爺の足もとに、囲むように符が貼られて,待ってて！すぐ戻るから！！ / ビタッ！！,ビタッ,3 / 1,尚善、花家爺,medium,カット番号は左欄の縦棒のみで丸数字なし＝本来は201の続きの可能性もあるが、右下に『3』のコマ番号があり連番から202と補完。台詞主は尚善と推定 ｜ 丸囲み『苗』とあるが文脈上、足もとの符を貼る場面。本文の人物表記は要確認
203,page_059.png,○苗に向かって 笛を投げる。←修正あり / 結界を張る。さらに元サドの符(?)を手にして / 尚善,結界―。,シュ／バッ！！,7,苗、尚善,medium,右下に『4』のコマ番号。左欄に丸番号なく縦棒のため連番で203と補完。SEは投擲音 ｜ 絵に大きな人物(道然か)と小さな苗らしき人物。本文末に丸囲み『尚善』。一部判読困難
204,page_060.png,沈公子。胴部のキズを押さえている,逃がすか…！ / 侠女さまに構うなっ！,ぽわん！ / ビューォッ！！,4,沈公子、苗,medium,コマ2(右)のSEとコマ3(204)が同一カット内に統合。丸囲み『沈公子』『苗』。timeは『4』と『3』の表記混在で要確認
205,page_060.png,叫ぶ苗。体全体の動き出し,今すぐは死ぬよ！！,,2,苗,medium,絵は苗の絶叫の顔アップ。台詞末『死ぬよ』は判読困難で要確認
206,page_061.png,首にわずかに刃がくい込み、出血。,（ピッ…）,,,,medium,timeは右端コマに斜線のみで読み取れず
207,page_061.png,冷めた表情になり 沈公子,…君なら分かってくれると思ったのにねぇ…,,5,沈公子,medium,
208,page_061.png,沈公子 ちめ／回り込む！,（背）君も私も共に運命に見捨てられた者だ。この術を身に付けなければ。,,7,沈公子,medium,
209,page_061.png,回り込む！／苗ちめ,400年も前に、私はひとりで痛ましく死んでいた。ひとりの凡才の道士など,,8,苗,medium,「苗ちゃん」の表記ゆれを苗に統一
210,page_061.png,情念のように湧く、妖怪のクムリ,（cont）誰も同情しないし、気にもしない。だが今はもう誰も恨むこともない…,,8,,medium,妖怪が湧き上がる描写
211,page_062.png,PAN↑ 全尺・普通で,(沈公子) ちっぽけな化け狐の寿命でもせいぜい200年くらい…しかし私は天地のおかげで長生きできる…,,9,沈公子,medium,絵は男の顔のアップ。dialogue冒頭の話者は丸囲み『沈』=沈公子。『全尺・普通で』はカメラ速度指定
212,page_062.png,PAN↑,(苗) お前が邪魔をしなければなっ！ (苗)…？,,,苗,medium,絵は苗の驚き顔のアップ。話者表記は『苗』と読む
213,page_062.png,1枚目(クイックに) 苗の背後から襲いかかる(妖怪たち) ラスト スロー(気味) / 首に入っていく鎌の刃。このCut、スロー。舞う鮮血。,(沈) 咆哮ー!! (苗)!!! …っ…,咆哮ー!!,5 / 1+12,苗、沈公子,low,絵は骸骨の妖怪たち=沈公子の眷属の妖怪。scene欄に丸数字なし、レイアウトから213として補完 ｜ 左scene欄に『213』『B』表記あり。リストの213Bに該当するが、丸番号は『213』として読みつつBの枝番を確認。絵は鎌が首に入る描写。続くコマ(縦棒/絵のみ)は本カットに統合
213A,page_062.png,(苗)に妖怪たちのカゲが落ちて,!…(自決),,1+2,苗,medium,左下に『213 (A)』丸囲み、その下に『あります 次のページ』→『B』の指示。実在枝番213Aとして採用
214,page_062.png,○兼 アバンパートの(蝶)が舞うシーン。BG兼で 鱗粉 FIX / ーと、闇を払う符 光を放つ,(苗) 私は…蝶にはなれない…,,5+0,苗,low,絵は蝶。『○兼』=兼用指示、『BG兼で』背景兼用、FIXカメラ固定 ｜ ヘッダ『C214のつづき』。コマ0は縦棒のみで丸番号なし＝前カット214の続きとして統合
215,page_064.png,妖怪たちを払いつつ現れたのは道然と苗。道然 鎌の柄を握っている。,苗「がふ!!」 道然「直!!」 妖怪たち(断末魔ー),,2,道然、苗、沈公子,medium,丸番号2/5=215。dialogueの『直』『妖怪たち』は崩し字で要確認
216A,page_064.png,光弱まる 沈公子(複数人の絵),沈公子「くっ…!」,,2+2,沈公子,medium,右ページに丸囲み『216 A』明示。差し込みカット
216B,page_064.png,ぎょっとする沈公子 駈けだし。,(out する),,,沈公子,medium,左に『2/6 A』に斜線、丸囲み『2/6 B』。横顔のアップ。216A→216Bの順は右ページ本文で確認
217,page_064.png,森の中へと消えていく沈公子 鎌を捨てる道然 気を失い倒れる苗,苗「ザ…」,ザッ…,,沈公子、道然、苗,medium,丸番号2/7=217
218,page_064.png,かけよる尚善(倒れた苗に矢印) / 丹薬を飲ませて ここでしばらく待ってる。,尚善「ドサ…」 尚善「苗ちゃん…!」 / 丹薬を飲ませて ここでしばらく待ってる。,ドサッ…,3,尚善、苗、道然,medium,丸番号なしコマ含むが本文に尚善が登場。前カット217+1で218と補完。『苗ちゃん』はglossaryの苗(なえ) ｜ コマ0。scene欄に218の丸番号。本文は道然(神)のセリフ。次コマ(縦棒のみ)は同一カット継続として統合
219,page_065.png,ひとり森の中へと向かう道然,師匠…？,,3,道然、苗,medium,コマ2。scene欄に219の丸番号。兼用指示あり。「師匠…?」は苗のセリフ(背)
220,page_065.png,腕組みをして 師匠はかなりお怒りのようだ。,君、君のそんな姿を見てしまったら、,,5+12,道然、苗,low,コマ3。scene欄に220の丸番号。本文の崩し字一部不確実、要確認。timeは5+12と推定
221,page_065.png,Follow 奥へ 森の中を歩く道然,無理もないわね。,,2+12,道然,medium,コマ4。scene欄の丸番号は221と読む。Follow指示あり
222,page_066.png,森。PAN。沈む音（音）。,"はぁ…
はぁ…
ぐっ…!!",沈む音,3+12,,medium,timeは秒+コマで3+12と読む。冒頭ヘッダ手書きは「←PAN 全尺・普通で」と推定
223,page_066.png,"逆さ（逆光）につられた
胴の手ぞ
出血が激しい。","くそっ！もう少しで
成功したのに…！",,,,low,左本文の頭の丸囲み文字は判読困難。「逆光」など要確認
224,page_066.png,"PANにて沈公子へ
ダメージが大きい様子。","早くこの魂を
健康な身体に
移さねば…",がはっ…,9+12,沈公子,medium,丸囲み「沈公子」。timeは9+12と読む
225,page_066.png,"⇒ R⇐
フレームイン
（道然）","沈黙
!?…
（足音）",足音,3,道然,low,コマ3左本文に「道然」丸囲み。手書き断片多く一部要確認。time欄は3
226,page_066.png,"［PC］
左上より.肩を細好. / 森。手前に座る人物と、立つ沈公子。→じわPAN","（道然）
・・・ / 沈公子「…俺を殺しに来たのか？」 道然(背)「安心しろ、僕も書ったけど（？）軽々しく殺生はしないと。」 沈公子「不…ハハハハ…それでこそ同じ道の者、道士さまだ…」",,3 / 1+12,道然、沈公子,low,丸番号225は前コマ。225の続き絵か新カットか判別微妙だが丸囲み「225」は1つ前のコマに付与。このコマは丸番号無し→直前カット225の続きの可能性が高いが、絵が別人物アップのため別カット扱いとし226を補完。要確認 ｜ 絵は226のみ、次コマは縦棒で226の続きと判断し統合。沈公子の台詞冒頭部分やや不確実
227,page_067.png,道然の方を向く沈公子,「お前も分かっているだろう。どいつもこいつも口先では正義を語り、」,,,沈公子、道然,medium,絵に227、向きを向くのは沈公子と判断
228,page_067.png,森。座る人物と立つ人物→じわPAN,(背)「言葉では『善』『義』『道』をくり返す。臆病なくせに貪欲で、自分の強さを言葉だけ鼓舞し、実行に移さ(→続く)」,,4+12,,medium,左下に229Aの丸番号が次コマへ続く表示。228本体の本文
229A,page_067.png,,(続き),,,,low,コマ3左下に229Aの丸番号あり。実在枝番リストに229A有り。絵・本文の独立分が読み取りにくく228本文が跨る可能性。要確認
229B,page_067.png,沈公子の顔のアップ(森を背景),(続き)「それで自分の本性を隠しきれているところがまた愚かで滑稽そのもの。」,,3+0,沈公子,medium,絵に229B明示。実在枝番リストに229B有り。time 3+0と読む
230,page_068.png,顔のアップ。下向きの顔、PAN DOWN(↓矢印で寄り),僕は今、たく…暖が立っては…,,,道然,low,コマ0(番号なし、縦棒)は直前カット229の続きとして本来統合すべきだが、本文「道然：なかなか面白い奴だ。罪を重ねている自分を棚にあげて。優越感に浸るとは…/かせ(尺)」は前カット229に属する。コマ1が丸番号230。dialogueは判読困難で要確認
231,page_068.png,〇兼(兼用)。沈公子の振り向く顔のアップ、驚き表情(汗マーク),沈公子「！？…」 道然(N)「僕の剣がタガをした…」,,2+12,沈公子、道然,low,dialogue一部判読困難。「僕の剣が～」要確認
232,page_068.png,画面ぐるぐる回る剣。放射状の効果線。PAN(↑↓矢印),沈公子(OFF)「お前の戯言を聞く気分じゃない…」,ブレペタ／くるくる回る剣,3+12,沈公子,low,se・効果書き込み判読困難。「ハッ」のような声あり
233,page_068.png,放射状に剣が回転する俯瞰イメージ,,ボン×3/2(ハッハッハッ…),,,low,本文は擬音/掛け声の連続。判読困難で要確認
234,page_069.png,分身のよう。アネに打針 ピタッと止まる / 中OL!して ノーマルへ／うでを組んでいる,ルルルル… → チチ… / 兼 / 道然「では失礼」,ルルルル／チチ…,4,道然,medium,コマ0は左に縦棒のみ＝直前(233)の続きの可能性もあるが、コマ2左に丸囲み『234』が明示されるため、234として統合。コマ0・コマ1・コマ2にまたがる本文を結合 ｜ コマ1・コマ2の本文を234に統合。『兼』は兼用の指示の可能性。道然は丸囲み名
235,page_069.png,スタート,,ビュオォォォォ…,,,medium,コマ3左に丸囲み『235』。コマ3右の本文(スタート/ビュオォ…擬音)を統合。コマ4は番号・本文ともに無く白紙に近いため統合扱い
236,page_070.png,↑PAN UP + フェアリング（じわ） / フレーム→ノーマル に戻りつつ「ノーマル」へ T.U.,沈公子「…、…」,,,沈公子,medium,コマ0(236本番)、コマ1(縦棒=続き)、コマ2(縦棒=続き)を同一カットに統合。コマ2本文『FIX クルッとなって消える 7本の剣・物おとし』をactionに反映。dialogueはコマ0『沈公子 …、…』とコマ2『沈公子 …‥。』を統合
237,page_070.png,FIX。クルッとなって消える7本の剣・物おとし。○兼 [AC]。気を失い倒れた苗,沈公子「ドサ…」,ドサッ,2,沈公子,medium,丸番号237。本文の人名は丸囲み『沈公子』。倒れる人物の絵は苗と思われるが本文に明記なし
238,page_070.png,BG（草むら・朝） / セリフつづき,道然(off)「お前を殺さない、ただお前の術を無にしただけ…術が効かなければ」 / お前は余命幾ばくも ないだろう…,,,道然,medium,丸番号238。dialogueに『道然(off)』と明記 ｜ コマ0は前ページ238の続き(scene欄に丸番号なし、縦棒のみ)。左コマに『つづき』表記、本文は道然の台詞。time欄に△マークと『2+02?』らしき書込みあり要確認
239,page_071.png,夜明けの空／明るくなっている空,それでは 失礼します…,,4+12,呂仁,medium,丸番号239と『B』、左に『239』表記。話者は丸囲み(呂仁?)で要確認。場面は森・朝(207-256)
240,page_071.png,道観・寝室 早朝。眠っている苗。背伸び,,,2+12,苗,medium,丸番号240。本文に『道観 寝室 早朝』『眠っている苗』『背のび』『苗 ….』。場面は道観・寝室(257-273)
241,page_071.png,扉に錠をかける手もと。じわPAN,黄爺さんは、呂仁と芦花婆さんにお願いしている…,,4+12,道然、黄爺さん、呂仁、芦花婆さん,medium,丸番号241。『じわ』のカメラ指示。話者は道然(丸囲み)。本文の漢字一部崩れ要確認
242,page_071.png,眠っている苗のため(?),…どうした？ 爺ちゃんに危ないって言われたのに私はそれを聞かなかった…,,6+0,道然、苗,medium,丸番号242。話者は丸囲み(尚善?苗?)で要確認。time『6+0』らしき書込み
243,page_072.png,尚善の口もとからまだ少し血でだれているので。首をココにねる─,尚善「ぐすっ…」／道然(OFF)「後悔したか？それともあの子を救べきではなかったかな？」／尚善「(首をココにねる)」,,6+12,尚善、道然,medium,コマ0(243丸番号)とコマ1(scene欄縦棒のみ＝243の続き)を統合。time『6+12』はコマ1右下
244,page_072.png,道然と苗が立つ／室内,道然「もう、もう泣いているの？まだ君は成長の途中なんだ。ひとりで抱え込まないほうが良い。」,,5+0,道然、苗,medium,time『5+0』と読む(末尾不鮮明)
245,page_072.png,手元・目のアップ,道然(OFF)「芦花婆さんも黄爺さんが仲間だと分かっただろう。それに…」／尚善「？…」,,5+0,道然、芦花、黄爺さん、尚善,medium,コマ3(245丸番号)とコマ4(scene欄縦棒のみ＝245の続き)を統合。芦花は色見本準拠の表記統一。time『5+0』と読む(末尾不鮮明)
246,page_073.png,口もとを拭ってやる道然,道然「僕も仲間だ。困ったことがあったら遠慮なく頼ってくれ」尚善「…ロ口」,,7,道然、尚善,medium,コマ1のscene欄は縦棒のみ＝246の続きとして統合。コマ1右の尚善のセリフは判読困難で一部不明
247,page_073.png,道観への道(朝)／↓PAN DOWN＋フェアリング(フェアリング＝要確認),芦花婆さん「…まったく！歳を考えずに張り切るからだよ！道然や呂仁がいなかったらどうなってたか！」,,,芦花婆さん、道然、呂仁,medium,「フェアリング」は判読困難・要確認。芦花婆さんの丸囲み名を採用
248,page_073.png,歩いてくる呂仁と芦花婆さん／包帯を巻かれている黄爺イタチ／□□手前 / イタチ(黄爺)がつねられる／黄爺イタチ,黄爺「へんっ。油断しただけじゃ！」芦花婆さん「しばらく日陰れておくでね」尚善「とんでもない姿を尚善に見られたくないだろ？」黄爺「そういうことに気が利くんだ」 / (黄爺)ギャムッ！ / (黄爺)!!…,,5,呂仁、芦花婆さん、黄爺、尚善,low,コマ4は黄爺(イタチの姿)の絵。本文の話者割り当ては判読困難な箇所多く要確認。「□□手前」の地名・配置は不明瞭 ｜ コマ0は番号なし(縦棒のみ)＝前ページ248の続きとして統合。本文一部判読困難
249,page_074.png,Follow! 汗タラの黄爺,(黄爺)イダダダッ！わしを殺す気か！くたばれ！ / (芦花婆)それだけ元気なら問題はなさそうね。,,4+12,黄爺、芦花婆さん,medium,
250,page_074.png,F.I.A(にて)+6%兼用(道然を見送ったところ) / 6コマ PAN DOWN,(呂仁)(前)…宮中に弟子を待たせてありますので先に失礼させていただきます。,,6,呂仁、道然,medium,兼用/PAN DOWN指定。time欄末尾の数字は6と推定
251,page_074.png,芦花婆、猫(?)を抱く,(芦花婆)道然を待たなくてもいいのかい？ / (呂仁)(前)少し不安なこともありますので急ぎます,,,芦花婆さん、呂仁,medium,
252,page_074.png,何か察して気遣う / 表情がくもる(芝居),(芦花婆)…こちらのことも気にかけてもらってすまないね。 / いえ、全ては私に。安穏な世が一番です。私の方も道然に,,6+12 / 5+12,芦花婆さん、道然,medium,コマ4は丸番号なし(縦棒のみ)だが本文に新セリフあり。直前251と別カットとして連番252を補完。要確認 ｜ 右コマ本文に台詞続き。人名は道然のみ確認
253,page_075.png,(芝居続き)↓(た),(off)ムリを言ってもらってますから。お二人ともお元気で。(芦花婆)頷き,,5+12,芦花婆さん,medium,丸囲み「芦花婆」と読める
254,page_075.png,+6%兼用 加筆。街への道、それを走る馬車。加筆:向く先に雲多め。じわ引き→,(芦花婆)馬車。(芦花婆)(off)…少し暗い顔してたね。,,5,芦花婆さん,medium,画面に「じわ引き→」のメモ。馬車を走らせる
255,page_075.png,黄爺イタチ,(黄爺イタチ)顧一族の事だね。(芦花婆)ああ、そうだね…,,3+12,黄爺さん、芦花婆さん,medium,黄爺(イタチの姿)と芦花婆の会話
256,page_075.png,↑PAN UP 全尺・普通で,おそらく、もうすぐ騒がしい奴らが出てくるよ、きっと…(黄爺イタチ)(off)そうだろうな…,,7+0,黄爺さん,medium,「全尺・普通で」と読む(崩し字)。黄爺イタチのoff台詞
257,page_076.png,TUにて道観へ。山の中／道観（昼）。↑じわPAN UP、#6%兼用,,,3,,medium,「TUにて道観へ」周辺は崩し字。'#6%兼用'はBANK/兼用指定
258,page_076.png,同／寝室。眠っている尚善（尚善の寝顔）,,足音—,3,尚善,medium,「眠っては尚善」と読める
259,page_076.png,を見守る道然。やってくる芦花婆の足音。,,（足音—,3,道然、芦花婆さん,medium,足音の方向を示す矢印あり
260,page_076.png,#6%兼用。芦花婆、棚あり。,（芦花婆）道然、長旅で疲れているだろう。すぐに休んでもよい。少し横になりなさい。,,,芦花婆さん、道然,medium,レイアウトメモに'芦花婆''棚あり'。台詞は芦花婆
261,page_076.png,道然、片手で制して尚善を見つめてセリフ。 / ↓じわPAN Down／尚善の手をとっては。うっすら震えては尚善の左手。,道然（背）…（いえ。）…すごく怖がっているようだ。 / 道然「手を引いてしまうと、この子が目を覚ましてしまうかもしれません。落ち着いたら自分も休みます…」,,1+12 / 7+12,道然、尚善,medium,絵に下向き矢印あり。台詞前半・後半の判読に不確実あり ｜ PAN Down／じわっとの移動指定。time読み 7+12 やや不確実
262,page_077.png,,芦花婆さん「あれすぁ…　きっと花の露が集まっているんだね」,,4+6,芦花婆さん,medium,話者は『芦花婆』と読む。台詞一部崩れ
263,page_077.png,T.U.全尺・普通で　テーブルの奥　窓枠そばの棚に,「気にしているのかもしれないね。それがあなたにバレてしまうと、」,,5+12,,medium,カメラ移動=T.U.全尺・普通で。time 5+12
264,page_077.png,道然が尚善に預けた花瓶。すぐまた尚善のひょうたん,（つづき）「また離れ離れにすることが怖いんだ。…あなたはこの子のそばにいるべきさ。」,,8,道然、尚善,medium,コマ4(番号なし・縦棒のみの続きコマ)を本カットに統合。コマ4のaction『丸すわり／P PAN 全尺・普通で』、dialogue『そばにいるべきさ。』を結合。time=8
265,page_078.png,,芦花婆さん(M) 未熟な子供でもすぐに大きくなるんだ あっという間だよ…,,5+12,芦花婆さん,medium,絵は寝ている苗(横顔)。dialogue冒頭の丸囲みは話者名「芦花婆さん」と判断
266,page_078.png,その瞬間、瞬間を大切に見届けるといいよ。 道然 頷き—,(M) その瞬間、瞬間を大切に見届けるといいよ。,,5+12,道然,medium,絵は道然らしき横顔。下部に「道然」丸囲み＋頷き指示
267,page_078.png,外から差し込む光。 やがて F.I.▽(1+12),道然(M) また、自由の身でなくなるのかもな…,,6+12,道然,medium,絵は窓・格子と外光。F.I.指示あり
268,page_078.png,目を覚ます尚善 おそく(に)反応あり 寄りフレーム(赤字),尚善 !っ……,,1+12,尚善,medium,赤枠＝寄りフレーム指定。dialogue丸囲みは「尚善」
269,page_078.png,,尚善「小鳥のさえずり」— / 尚善「……」,小鳥のさえずり,4,尚善,low,絵は寝ている尚善の横顔。本文右に「尚善」丸囲みと『小鳥のさえずり』。SEかセリフか不確実、要確認 ｜ コマ0は左scene欄に丸番号がなく縦棒のみ＝直前カット269の続きとして統合。dialogue欄に尚善の丸囲み記号と『…』
270,page_079.png,つかみだす,(先行あり),,24,,medium,丸番号270。action『つかみだす』。dialogue欄に『先行あり』のメモ
271,page_079.png,右手をのばし。そっと まつ毛に触れる(尚善),(花)「よこむく―。尚善「…。」,,,尚善、花家妻,low,丸番号271。dialogue冒頭の丸囲みは『花』か要確認。time欄空。'よこむく'は読み不確実
272,page_079.png,静かに引いて。,道然「観―,,6,道然,medium,コマ3(左scene欄に縦棒のみ・番号なし)は直前カット272の続きとして統合。コマ4左に丸番号272。dialogue欄に『道然』『観―』。time欄はコマ4右の『3』とコマ3右の『6』が併記され不確実、6を採用
273,page_080.png,"笑顔を浮かべる 尚善
ホッとしてる",……(笑),,4,尚善,medium,
274,page_080.png,"#6%兼用
苗
小雨が降ってる","苗
(小雨 ——",,2,苗,medium,#6%兼用の指定あり
275,page_080.png,"尚善
目をパチクリして","芦花婆さん(off)
おや、起きたんだね。",,2+12,尚善、芦花婆さん,medium,
278,page_080.png,"#6%兼用
飯を盛る。
お椀をしてる
苗と芦花婆さん","お腹でも空いたかい？
こっち来て ご飯
食べな
苗(皆)
うん…",,,苗、芦花婆さん,medium,カット番号276・277は欠番（ヘッダ朱書きに『C276・C277 番号欠番』の旨）
279,page_080.png,"稲歩きをする
足音 ——",苗「…」,足音,3 / 2,苗,low,番号は丸囲み無く、278の続きとして連番補完。左に縦棒の継続コマあり、本文は統合。time欄末尾に5+12らしき記載あり要確認 ｜ dialogueはdialogue欄の『…』。timeは右端『2』
280,page_081.png,彦子 カット IN,芦花婆さん「苗ちゃん。何してるの?」,,3,芦花婆さん、苗,medium,action欄の手書き『○○ カット IN』は判読困難。話者は丸囲み『芦花』と推定
281,page_081.png,はしを上げる,苗「黄爺さまの服の破れを縫っています。」芦花婆さん「ふ～ん…」,,4,苗、芦花婆さん、黄爺さん,medium,
282,page_081.png,ここから食べ始め / 会話がはずむ 苗と芦花婆さん,芦花婆さん「いろいろ手伝ってもらってありがとうね。」苗「いえ。私こそご面倒をおかけ」,,,苗、芦花婆さん,medium,画面上部に演出メモ『ここから食べ始め』
283,page_081.png,芦花婆さんは食事,（苗）「しました。それに、黄爺さまと○さまにケガをさせてしまいましたから」 / 私にできることなら何でもやらせて下さい！／私の心も少しは楽になります。,,8 / 5,芦花婆さん、苗、黄爺さん,low,丸番号は読めず直前282+1で補完。本文は前カット281の苗のセリフからの続き。『○さま』要確認
284,page_082.png,棚／尚善の方を見る,芦花婆：まぁ…／尚善(off)：あれ？,,3,芦花婆さん、尚善,medium,dialogue冒頭の話者は『芦花婆』と読む
285,page_082.png,↑PAN UP 全尺・普通で／高窓にとまっている ヤママユガ,(off)蝶が飛んできた。／芦花婆(off)：はは、これは蝶ではない。ヤママユガです。 / 苗(off)：蝶…ですか。,,7,芦花婆さん、苗,medium,action『全尺・普通で』はカメラ移動定型の読み ｜ コマ3はscene欄に丸番号なし＝直前カット285の続きとして統合
286,page_082.png,,苗：へぇ～…／キレですね。,,2,苗,medium,『キレですね』は『キレイですね』の崩し読みの可能性
287,page_083.png,兼用 フレーム修正 調整,尚善(小)「きれいです。」 苗「ですね。」 尚善(小)「…苗ちゃんもきれい」 苗「え？」,,6+12,尚善、苗,medium,絵は苗の笑顔のアップ。dialogue冒頭の話者は丸囲み記号で尚善(小)と判読
288,page_083.png,回り込み→ 苗をじっと見つめる 尚善,,,3+12,尚善、苗,medium,見つめる側の話者記号は尚善と判読
289,page_083.png,目を潤ませ 涙がこぼれる,苗,,2+,苗,medium,コマ2(289右)は空欄、コマ3(左289絵の続き縦棒)を統合。dialogue欄の丸囲みは苗。timeは『2』に読める
290,page_083.png,T.U.(12K) FB→フォローイング(クイック寄り) DFあり BGイメージ：尚善に抱きつく 苗,,,3,尚善、苗,medium,カメラ指定は崩し字のため一部推定。BGイメージとして苗が尚善に抱きつく
291,page_084.png,目元のアップ。T.U.あり、DF（フォーカス送り）あり、ページ寄り、たっぷり動いて。,茜(M)…これからは…ちゃんと生きるよ…！,,,苗,medium,dialogue冒頭は『茜(M)』と読めるが、ep7中心人物の苗(なえ)のモノローグの可能性。書かれた字を尊重し『茜(M)』とした。要確認
292,page_084.png,上記と同処理。力強く抱きしめている様子で。,(M)命を大切に…誰よりも…,,,,medium,絵は顔のアップ続き。dialogue一部不確実
293,page_084.png,やがて白ベタへ中OL。ヤマユガ(?)がひらり飛んでいく。AC。,真面目に生きて行くんだ…！↓,,,,low,絵は蝶のような飛翔体。『ヤマユガ』表記不確実。time欄は『6』と読める断片
294,page_084.png,#6%兼用。翌朝。F.I.。階段を下りていく尚善と道然。(人鳥のさえずり↓),,,2+12,尚善、道然,medium,道観・石段の俯瞰。左本文に『#6%兼用』『翌朝』、人物『尚善と道然』。time『2+12』
295,page_084.png,F.I.。森の中／道。朝。 / 森の中、二人が歩いていく。木にイタチ(黄爺),尚善(前):爺ちゃん、来てくれてよかった。 道然(前):いろいろ忙しいのさ。でもまた二人で会いに行こう。 / 道然(背)「今度は僕もゆっくりする」 尚善(背)「うん」,,6+12,尚善、道然、黄爺,medium,絵は森の道、行燈(提梁盒)を持つ人物。人物表記『尚善(前)』『道然(前)』と読む。time『6+12』 ｜ 295A/295Bにまたがる。丸囲み295A、続きに295Bの枝番あり。本文に道然・尚善の声。BG=森(290–)。黄爺(イタチの姿)は要確認
296,page_085.png,道観の建物・石段。下に人物。室内に行燈,(にわとり),SE,4,,low,丸囲み296。BG=道観様式(石段・木組み)。台詞「にわとり」は要確認
297,page_085.png,PAN← + フッキング / 道然・中起,,PAN!,2+12,道然,medium,丸囲み297。手のアップ。中起=要確認
298,page_085.png,目元のアップ,(笑),,3+12,,low,丸囲み298。「直」らしき記号あり、要確認
299,page_085.png,リピート,,,,,low,丸囲み番号なしのコマ。『リピート』指示の囲み。番号は連番から299と補完。本文欄ほぼ白紙のため要確認
