cut,page,action,dialogue,se,time,characters,confidence,notes
1,page_003.png,超常現象対策局 朝 ①PAN UP. (BANKあり?),,,4+12,,medium,コマ0とコマ1(PAN UP部分)が同じカット1。time欄は4+12と読む。BANKありの指示
2,page_003.png,阿久津 向かって座っている 顔から呼びかける 左っている 座休身体 一部 PAN 一部。二人静は眠そうにあくびをしている。,「朝ですよ 呼び出しにすまん。,,3,阿久津、二人静,low,action欄手書き崩れ大。dialogue『朝ですよ』は要確認。time欄丸囲み3
3,page_003.png,モニターの向かい側に座っている阿久津。,早速だが これを見て欲しい。,,2+12,阿久津,medium,コマ3とコマ4が同じカット3。time欄2+12
4,page_004.png,モニター。超常現象対策局のマークUP。(0f18k) / （続き）ニホンウナギの移動経路。画面切り変わり / 進路予想図に切り変わる。(赤い矢印。流れているようなモーションあり),ピッ / ニホンウナギみたいじゃな… / このニホンウナギと同じルートを取った場合、黒潮に乗って本国に接近することが予想されている。,SE「ピッ」,14,二人静、阿久津,low,コマ0(局章)は赤バツ＝削除指示。コマ0のaction末尾『2 画面切り変わり』は次コマへの繋ぎ。dialogue欄に二人静(off)『ニホンウナギみたいじゃ…』、阿久津(女)『まさにその通りだ。』のセリフあり。ニホンウナギ移動経路の海図画面(コマ1)、海図白コマ(コマ2)を含む。二人静セリフ。confidence中。 ｜ コマ1・2はカット4の続き（丸番号なし）。二人静(off)のセリフ。 ｜ コマ3は進路予想図(黒潮/海流図)。カット4の続き。dialogue欄に丸囲み『阿久津(女)』話者。time欄に丸14。
5,page_004.png,佐々木。愕然。,い…！,,2,佐々木,medium,コマ4=佐々木の顔アップ。dialogue欄丸囲み『佐々木』話者。time欄に丸2。action『愕然』は要確認。
6,page_005.png,モンタージュ PAN T.B.（4面コスト 3面くらい カ）,「私たちに集まってもらったのは、こうした場合に備えて事前に情報を集めておきたかったからだ。,,7,阿久津,medium,action欄一部の指示（コスト・面数）は手書きが崩れており推測。dialogue話者は丸囲みで阿久津
7,page_005.png,阿久津。佐々木を見て,佐々木君。実物を見ての率直な顔を聞かせて欲しい。」,,5,阿久津、佐々木,medium,
8,page_005.png,佐々木、一瞬焦りつつも。（阿久津）／佐々木、前のモニターを見て,「て、そういった意味でも、異能力者に頼るような場面ではないと思われ。,,6,佐々木、阿久津,medium,カット8は2コマにまたがるため統合。dialogue話者は丸囲みで佐々木。末尾は文が途切れている可能性あり
9,page_006.png,厳粛な表情の阿久津。クラーケンの分布データが大型モニターに映し出されている T.U.。二人静。,「攻撃に一定の効果はあるようですが、何もかも寄せつけないという訳ではないようで……」,,7,阿久津、二人静,medium,action・dialogueとも崩し字のため一部推定
10,page_006.png,二人静。何にもたれかかり(なが)。,二人静「その通りじゃ。」「台風に浮かんでるうちに、ジサイルでも積んで撃ち込んでしまえば、ええ」,,6+12,二人静,low,コマ1(番号10)とコマ2(番号なし=継続)を統合。dialogue細部不確実、要確認
11,page_006.png,星崎。そっけなく。,星崎「対象を隔離すれば、貴方なら簡単に対処出来るんじゃないのかしら?」,,5,星崎,medium,dialogue一部推定
12,page_006.png,二人静。ちょっと顔を出し。,二人静「ねぇじーしてそういう事言うの?儂に死ねと?」,,4,二人静,medium,dialogue一部推定
13,page_007.png,佐々木を挟み やいのやいの 気を遣う女子2人,星崎「だって気持ち悪いんじゃ？」二人静「海の藻屑となって延々と彷徨うことになるかもしれんが？」星崎「ちゃんと探してあげるわよ」二人静「(だが)…」,,9,佐々木、星崎、二人静,medium,13は2コマに跨る(picture上段=3人、下段=お隣さん手前)。continuationコマは番号なしのため統合。dialogue一部崩れ判読不確実
14,page_007.png,阿久津 みか(?),阿久津「星崎君はどうかね？」,,2+13,阿久津、星崎,medium,action2文字目要確認
15,page_007.png,身を乗り出す二人静 星崎,二人静「無理じゃ」星崎「！」二人静「だって無理じゃもん」,,9,二人静、星崎,medium,15は2コマに跨る(picture上段=3人、下段=キャラ2)。継続コマdialogue『どうして節が答えるのね』は判読不確実。統合済み
16,page_008.png,星崎、阿久津を見て。,「きあ、私は今月の人員で対処するのは難しいと思うけれど…」,,6,星崎、阿久津,medium,dialogue話者は丸囲みで『局長』または星崎系。冒頭『きあ』は要確認
17,page_008.png,,阿久津「……」わかった。詳細については改めて報告書を出してほしい。,,8,阿久津,medium,dialogue冒頭に丸囲み『阿久津』、続きは地の文的だがセリフとして統合
18,page_008.png,真所はここで、改めて佐々木を見つめる阿久津。↑PAN,佐々木・星崎「ない」/阿久津「ところで、佐々木君とこの部屋に…」,,3+12,佐々木、星崎、阿久津,low,action冒頭『真所』は誤読可能性、要確認。time欄は3+12
19,page_008.png,↑PAN …!?と3人。,「伝えたいことがある。」,,3,,medium,
20,page_008.png,↓PAN ざわざわめく間。佐々木、二人静。,佐々木「な…なんですか?」/二人静「なんじゃ?」,,4,佐々木、二人静,medium,dialogue丸囲み『二人静』確認。action『ざわめく』推定
21,page_009.png,阿久津。次シーン。（この阿久津モニターは超常現象対策局のマーク画面）,「思い起こせば君達の歓迎会を行っていなかったな」,,5+12,阿久津,medium,dialogue話者に丸囲み『阿久津』。台詞末尾やや不明瞭
22,page_009.png,一同ざわめく…。自然な感じでゆっくり。,＜間＞「え…?」,,4,星崎、佐々木,low,dialog列に丸囲み話者名あり(『佐々木』『星崎』等と推定)だが崩れで不確実。<間>3+12 の指示あり。会議室の各人物に丸囲み記号
23,page_009.png,喋る…（口パク）,,,2+13,,low,action欄崩れ、口の動きに関する指示か。dialog欄は波線と『+』記号のみでセリフなし
24,page_009.png,こちらをじっと見つめるクールな表情の阿久津。T.U.（大村個?）。キリッとかっこいい顔面,,,6,阿久津,medium,コマ4(阿久津バストの枠取り)とコマ5(顔アップ)は同カット24に統合。T.U.後の括弧内メモは不確実。time欄コマ5に丸囲み尺の一部
25,page_010.png,会議室の続き。同ト書き。,,,2+12,,medium,コマ0のOP(タイトルカード的な絵)は番号なしのため統合せず。action欄に『会議室の続き』等の走り書き。冒頭のOPコマは番号無し・本文なしのため出力に含めない
26,page_010.png,えっ、と……切り出す佐々木。困惑。,佐々木「歓迎、ですか…？」,,3,佐々木,medium,
27,page_010.png,そうだ、と阿久津。淡々と。,阿久津「店は既に押さえてある。今日の定時後にどうだろう？」,,4+12,阿久津,medium,
28,page_010.png,二人静。疑いの眼差しで、少し身を引く。 / 佐々木、阿久津を見る,二人静「奢ってもらえるフリかえ？」 佐々木「……」 / （佐々木M）「相変わらず仏頂面だ。」,,4+12,二人静、佐々木、阿久津,medium,dialogue末尾の佐々木の台詞は『……』のみで内容不明 ｜ ページ最上段コマ。scene欄に丸番号なし＝前ページ最後のカット(28)の続きとして統合。time欄は円囲みで『4+12』と読む
29,page_011.png,佐々木(のモモ)のカワからで阿久津、一同に話す。PAN UP,"「阿久津さんのカワから歓迎会とか、怪しいけど程がある。この先日には喧嘩したばかりだというのに―」
（阿久津）「その気になってあ人は、最初から○○君の受賞に爆発物を仕掛ける○○のことはしている。」",,12+12,阿久津,low,action・dialogueとも崩し字が激しく判読困難。複数コマ(コマ1〜4)にまたがる同一カットとして結合。time欄は円囲みで『12+12』と読む。dialogue詳細は要確認
30,page_011.png,うわぁ…と一同（雨）→ PAN サブと星崎。佐々木、星崎を見る / 佐々木、阿久津君に微笑み。それに対し「えっ!?」となる二人静。,"（一同）「え、ドンナ、なんとかで…」
（阿久津(off)）「ささやかだが、星崎君も含めて女で行こうかね？」
（星崎）「私は構わないけど…」
（佐々木M）「さすが、全能千の帝のような星崎ってのは…」 / 佐々木「そういう事でしたら、ぜひ課長のご厚意に甘えさせて頂けたらと…」",,17,星崎、佐々木、阿久津、二人静,low,コマ5・6にまたがる同一カットとして結合。崩し字が非常に激しく台詞は要確認。話者丸囲みは『一同』『阿久津(off)』『星崎』『佐々木M』 ｜ ページ冒頭の2コマは丸番号なし(scene欄空白)＝前ページのカット30の続きとして統合。time欄の丸囲み『17』はこのカットの尺
31,page_012.png,ちょっと待って、二人静。,二人静「病で気ってる? 職場の飲み会とか、むしろ断わるのが流行じゃろ?」,,5+12,二人静,medium,action欄の判読難あり
32,page_012.png,宥める佐々木。星崎、大伝と。,佐々木「民間はてつだ…役所さんはいまだに旧来の気質が根強いと聞きました。」 二人静「えー…そーなのか…?」 星崎「…」,,9,佐々木、二人静、星崎,low,dialogue欄の判読難。赤字『二人静の自然治癒って.』は演出/取り消しメモ扱いでセリフに含めず。32は2コマ(佐々木宥める＋星崎)にまたがるため統合
33,page_013.png,"佐々木
はん目を考える",毒物を口にしたらどうなるのかしら？,,5+13,佐々木、二人静,medium,dialogue欄に赤字セリフ『毒物を口にしたらどうなるのかしら？』、話者マーク『二人静?』と佐々木のMセリフが続く。『パイセン、この場でそういうこと聞いちゃうの？』『怪しいには違いないけど上司と仲良くしておくに越したことはない。』も佐々木のM。time欄丸囲み『5+13』読み取り。
34,page_013.png,"腕を組んでる阿久津
PAN
伏しつつ阿久津","あと個人的に、じんぼ的居的のは、ちょっと気になる
「まぁ決して無理には合わないがね」",,6+12,阿久津,medium,複数コマ(コマ2〜5)にまたがる1カット。コマ3・4はscene欄縦棒/空白で継続。dialogue欄に話者丸囲み『阿久津』。time欄下部丸囲み『6+12』。中間セリフ一部判読困難のため confidence medium。
35,page_014.png,こ静。ムぬぬ…と。観念して仏にもたれかかる。俯瞰PAN。,"「…
…
わか、たわか、た。作ればいいんじゃろ？作れば+",,6,二人静,medium,action欄の『こ静』『ムぬぬ』は二人静の芝居。dialogue欄の話者丸囲みは判読難、二人静の台詞と推定。time欄丸囲み⑥
36,page_014.png,阿久津(からしり)。星崎、あ。と手を上げる,"阿久津「では、本日は定時上りでよろしく頼みたい。」
星崎「あっ、ところで課長。",,5,阿久津、星崎,medium,36は2コマにまたがる(会議俯瞰＋星崎手を上げる)。dialogue話者丸囲みは阿久津・星崎。time欄丸囲み⑤
37,page_014.png,曇りけた眼で問う,歓迎会は業務時間に入るのゆい？,,3+12,,low,dialogueの『歓迎○』は赤字で『会は』と訂正。『ゆい』は判読難、要確認。time欄は3+12(秒+コマ)と読む
38,page_015.png,阿久津。少しの間の後、答える。顔はしかめずに淡々と対応。PAN UP。去ってゆく。OHまで。,…………ゆるきにくだれ。,,6,阿久津,medium,モニター(画面上部にモニター指示あり)。dialogue欄の話者丸囲みは阿久津。台詞の一部崩れあり要確認
39,page_015.png,阿久津。出ていった。阿久津のハケを無しにチキンの佐々木ちょっと入れる。二人静。もう1人の星崎。,二人静「…」佐々木(off)「…」星崎「…」,SE「ピッ」,,阿久津、二人静、佐々木、星崎,medium,会議室(対策局)。dialogueは話者丸囲み=二人静・佐々木(off)・星崎。赤字演出メモ『そういうところだけ今時なのじゃな…』『何事もごねてみるものよね』は演出注記のため参考。下部赤字『セリフ順を星崎→二人静→佐々木でお願いします』はページ末指示。action中の佐々木は書字上ちょっと不明瞭
40,page_016.png,夜。高級料亭の庭の鹿威し。,,カコーン…,4,,medium,コマ0(丸40)とコマ1(縦棒=続き)を統合。SEは丸囲みで冒頭に記載
41,page_016.png,個室。上等な座敷の席についている佐々木、二人静。周囲を見て。→ 普通の様子に(赤字修正),「……」,,2+12,佐々木、二人静,medium,dialogue欄に丸囲みの話者名(佐々木・二人静)と沈黙記号。赤字『普通の様子に』はaction修正指示
42,page_016.png,個室から見える庭園の池。FIX(+12)。やがて動き出した面持ちの一人(はっとした),,,6,,low,コマ3(丸42)とコマ4(縦棒=続き)を統合。action末尾は手書き崩れのため一部推測、要確認
43,page_017.png,星崎、モジモジしながら,星崎「か、課長、今日は私、その、お礼が言いたくて。」,,4+12,星崎,medium,action・dialogueとも手書き崩し字。星崎のセリフ末尾は次コマへ続く可能性
44,page_017.png,阿久津、クールに。PAN UP,阿久津「今夜は私の奢りだ。星崎君も存分に楽しむといい。」,,5+13,阿久津、星崎,medium,2コマにまたがる(阿久津の顔アップ＋PAN UP)。1カットに統合
45,page_017.png,ほろ酔い星崎。(佐々木・二人静)／女性の所にやたらと入り込むのを見てる。,星崎「ありがとうございます!」／女性(off)「失礼いたします」／佐々木・二人静・星崎「!!」,,あ？／4,星崎、佐々木、二人静,low,2コマにまたがり統合。action欄『(佐々木・二人静)』は判読困難。dialogueの話者丸囲みは佐々木・二人静・星崎と推定するが崩れており要確認。time欄下部に丸囲み『4』(ページ番号の可能性あり)
46,page_018.png,庭園からカメラ。池の中、ブラブラ泳ぐ錦鯉。,お料理をお持ちしました,,3,女将,medium,dialogue話者は丸囲みで『女将』と読める。台詞冒頭『「お料理をお持ちしました」』
47,page_018.png,庭の池。絹をおさえるように泳ぐ鯉たち。,,,3,,medium,
48,page_018.png,料理に戻って星崎。鰻を口に運ぶ。美味しい～。,あー…ん～っ！ん～～っ!!,,4,星崎,medium,48は3コマにまたがる(丸番号は48のみ、下2コマは番号なしの続き)。dialogue話者は丸囲みで『星崎』。台詞は複数コマに分割された『あー…／ん…っ！／ん…っ!!』を結合。time欄の縦棒/空白コマを含め尺は最終④=4秒
49,page_019.png,机の上 豪華な料理 メインの鰻 PAN T.B.,「鰻なんて久しぶり！鯖の話を聞いて食べたかったのね！」,,5,星崎,medium,dialog話者は丸囲みで『星崎(off)』。time欄丸囲み5
50,page_019.png,鰻を頬張り ご満悦のご一同 奥の佐々木 机の上の鰻を見ながら悔む 阿久津を発見,「んまぁ〜」 M「タイミングが良すぎて逆に怪しさを感じる…ところがで…」,,6,二人静、佐々木、阿久津,medium,dialog冒頭に丸囲み『二人静』、続いて丸囲み『佐々木』M。time欄に丸囲み6。跨ぐ複数コマを統合
51,page_019.png,食べてる阿久津へ (ピン送り) / 阿久津。二人静を見て。,「二人静君は,,3,阿久津、二人静,medium,ページ最初のコマは丸番号なし＝前ページ最後のカット51の続き。Sec欄丸囲み③
52,page_020.png,食べてる二人静。阿久津に肘掛をやり。 / 10%。急に気地悪く笑う。,休日は何をして過ごしているのかね？ / 「そうじゃのう。やっぱり人並みに休日ぐらい？」,,8+12,二人静、阿久津,low,次コマ(action『10%』)は番号なしで52に統合。dialogueは前コマからの続き ｜ 番号なし＝52の続きだが独立コマ表示のため参考記載。本来は52に統合すべき。dialogue話者は丸囲み『二人静』。time丸囲み『8+12』要確認
53,page_020.png,阿久津。クールな表情で。缶酒のようなものを持ちながら。,「君の音楽であればぜひとも聞いてみたい」,,4,阿久津,medium,dialogue話者は丸囲み『阿久津』。Sec欄丸囲み④
54,page_021.png,その返答に対し。同。やれやれと答える,「……(2モク)」 普通に家でゲームをしたり、最近は,,,二人静,medium,コマ0(番号54)とコマ1(縦棒/番号なし)を統合。話者は丸囲み『二人静』
55,page_021.png,PAN→。佐々木、食べながら二人の話を聞き。ツッコむ内心か？,別荘でホームパーティーを開いたりしてる↑ 「今のところ普通に上司の飲み会って感じだけど…↑」,,,佐々木,medium,コマ2(番号55)とコマ3(空白/番号なし)を統合。dialogue内に丸囲み『佐々木M(モノローグ)』の話者記号あり。timeにSt13(尺)
56,page_021.png,急に振られ、ハッと顔を上げる佐々木,「佐々木君は? 街はどう過ごしているのかな?」,,3,阿久津、佐々木,medium,dialogueに丸囲み話者『阿久津』『佐々木』あり。time欄に丸囲み③(3秒)
57,page_022.png,佐々木、微笑み。ふと間を置く,佐々木「そうですね…買い物に行ったペットと一緒に道こしたりしてます。」二人静M「ピーちゃんたち、ちゃんとご飯食べた？」,,8+12,佐々木、二人静,medium,コマ0とコマ1(番号なし縦棒)を57に統合。dialogueは崩し字のため一部推測
58,page_022.png,豪華な食事を見てピーちゃんを思う。T.B.で持ち、掛ける,「サな…」,,2+12,,low,手書き崩れ大。dialogue内容不確実
59,page_022.png,窓、電気ついてる,「カァーン…」,,3,,low,dialogue欄SE的表現。話者丸囲み判読困難
60,page_022.png,見立て料亭。中庭で鳴る鹿威し。阿久津に日本酒を注ぐ佐々木,「入れてますよ…」,,3+12,阿久津、佐々木,low,dialogue話者・内容とも判読困難。picture欄に日本酒(徳利)の資料写真貼付
61,page_023.png,佐々木、注ぎながら阿久津に質問する（星崎煮物食べ、二人静はお漬物）。注ぎ終わると。阿久津、自分の分の徳利を持ち、佐々木に注ぐと。佐々木、あっと自分のお猪口を差し出し,佐々木「さっきから課長、」「先程から同じ銘柄を口にされてますが、日本酒にこだわりが？」阿久津「ん」佐々木「あっ」「すみません」,,8,佐々木、阿久津、星崎、二人静,medium,61は最初のコマから4コマにまたがる続き（縦棒/空白）を統合。dialogue欄の話者名（丸囲み）は佐々木・阿久津。time欄丸数字⑧=8秒
62,page_023.png,注ぎながら答える阿久津,阿久津「こだわりと言うほどではないが、強いて好みはあるじゃろうかもしれない…」佐々木(off)「そうですか」,,4+12,阿久津、佐々木,medium,time欄は 4+12（秒+コマ）と読む。dialogue最後の佐々木(off)は判読困難、要確認
63,page_024.png,泣き終わり（out）,「‥‥‥‥」思えば阿久津さんのお仕事を何も知らない。せっかくの機会だしもっと色々聞いてみよう,,10,佐々木、阿久津,medium,コマ0〜3は丸番号63のカットの続き（縦棒/空白）として統合。ダイアログはM(モノローグ)含む。SE「カタ‥‥」あり。actionは『おちょこ(?)を傾けつつ考える佐々木／もって話らる阿久津／見上げる佐々木』等、手書き崩れのため一部不確実
64,page_024.png,阿久津に対し驚く一同,「では話がまとまり次第、次の店に行こう」「えっ?」「‥!‥」「なんじゃと?」,,4,阿久津、佐々木、星崎,medium,dialogue欄に丸囲み話者名(阿久津/佐々木/星崎等)。手書き崩れで一部不確実。会議室・長机の俯瞰構図
65,page_025.png,一部佐々木の。渡辺と話す阿久津。PAN UP,「二次会の席を用意してある。本日は星崎君も一緒なのでスイーツやクラフクが楽しめる場所だ。,,8,阿久津、佐々木、星崎,medium,action欄・dialogue欄とも崩し字多く一部推定。話者は丸囲み『阿久津』。渡辺は要確認
66,page_025.png,暗いの2人。,タクシーで少々走るが、トイレは大丈夫だろうか？」「いい」,,4+12,二人静、佐々木,medium,dialog列に丸囲み話者『二人静』『佐々木』。time欄は4+12と読む(コマ4=8秒相当の丸数字も別途)。話者記号は崩れており要確認
67,page_025.png,佐々木。目パチ。え…?と,佐々木M「こ… この人,,3+12,佐々木,medium,dialog欄に丸囲み『佐々木』＋M(モノローグ)。picture・action欄に赤の書き込みあり。time欄下部に3+12(丸囲み)
68,page_026.png,阿久津。いつものクールな表情で。PAN UP,本当にあの阿久津さんだろうか…,,?→、④,阿久津,medium,time欄に『?』と丸囲み④。PAN UPは2コマ目にかかる継続コマ(縦棒相当)を統合
69,page_026.png,ここで星崎、申し訳ない気に、少しモジモジして,星崎「あ、あの、課長…」,,2+13,星崎,medium,
70,page_026.png,やったと星崎。 / 前で顔を見合わせる2人。,阿久津「この次会もぜひ寄りたい」／星崎「ぜひ!!」,,6,阿久津、星崎,medium,70は2コマにまたがる(後半に星崎の喜ぶ絵と『ぜひ!!』)。統合して1エントリ ｜ ページ最初のコマは丸番号なし＝前ページカット70の続き。台詞欄は話者名らしき丸囲みが2つあるが判読困難
71,page_027.png,団子の断面。カコンと鳴る日本。,,「カコーン」,4+12,,low,2コマにまたがる同一カット(団子/水面のコマと竹の樋のコマ)を統合。action崩し字で不確実、要確認。SE表記あり
72,page_027.png,喫茶店の外…,,,3,,low,dialog欄に丸囲み『兼用』らしき記号あり(セリフではないため除外)。action判読困難、要確認
73,page_027.png,その路地裏に、ある1軒の店？ 腕をくみ通りすぎる社会人カップル。,「ちょっとへ…あなたっ」「いやだってさー…」,,,,low,dialog欄に話者を示す丸囲み(女性/男性か)あり。崩し字のため台詞・話者とも不確実、要確認
74,page_028.png,白カウンター、スライドして、並べられたお酒の Q.PAN,,,3,,medium,上部の番号無しコマ(棚の絵)は74の続きとして統合。Sec欄丸③×2は74尺関連。action手書き崩れあり
75,page_028.png,ホスク席?カウンター前に目を輝かせる星崎 PAN T.B.,「はわわわ!!!」,,2+12,星崎,low,複数コマにまたがる75を統合。dialogue欄の丸囲みは話者名『星崎』。action崩れ大で要確認
76,page_029.png,PAN → ボックス席に座っている一同。星崎のみビール、他3人はウイスキーをかたむけている。カウンターテーブル,星崎「美味しい…!!!」二人静「(微笑)」,,3+12,星崎、二人静,medium,time欄は3+12と読む。コマ2の続き(空白コマ)を統合
77,page_029.png,ウイスキーでちん。阿久津君に二人静グラスを持ち上げてフフフ、ニヤリ,二人静「普段からこういう店に女を連れこんでるちがう？」,,4+12,阿久津、二人静,medium,dialogue欄は一部切れ、推定を含む
78,page_029.png,星崎ハラスを食べながら / 星崎を今日る佐々木。星崎、コーヒーを食べ流ける,"星崎「課長は男性が好きらしいわよ？」 / 「えっ、そうなの…？」
（佐々木）「…！」
（二人静）(off)「なんじゃ、そうなんかや？」
「はぁ…」",,9,星崎、佐々木、二人静,low,action欄『ハラス』は要確認 ｜ ページ最初のコマは丸番号なし＝前ページ(78)の続き。2コマ目も番号なしで統合。手書き崩し多く台詞の一部は要確認
79,page_030.png,阿久津、グラスを揺らしながら二人静に微笑む。PAN,（阿久津）「興味を持ってくれるのは嬉しいが、二人静君の好意には答えられないな」,,,阿久津、二人静,medium,79は2コマにまたがる(顔アップ＋グラスの手元)。本文を結合
80,page_030.png,ぐっと二人静、ウイスキーをのむ阿久津。 / ニヤッと佐々木の方を見て,（二人静）「うわあ、むかつく。」 / そうなると…もう1人の無人の可能性はあるものう？,,3+12,二人静、阿久津,medium,time欄は空。ページ下端の（ ＋ ）はページ計欄でカット尺ではない ｜ ページ最初のコマは丸番号なし＝前ページカット80の続き。dialogueは冒頭『そうなると…』と、次コマにまたがる『もう1人の…可能性はあるものう？』を統合。話者は文脈から二人静と推定(要確認)
81,page_031.png,ウイスキーのんでる佐々木,,,,佐々木,high,
82,page_031.png,自分？と / 阿久津、少し良くグラスを揺らしながら,「悪いが佐々木のことをそういう目では見られない」,,4+12,佐々木、阿久津,medium,『自分？と』を含むコマは番号なしで82の続きとして統合。dialogueの阿久津セリフは82欄に記載
83,page_031.png,その引き ／ 群衆の佐々木とニヤニヤしてる二人静。T.B.126,「一斉に死ぬのはこれで2回目、もう好きにして下さい…」,,6,佐々木、二人静,medium,佐々木M(モノローグ)。action末尾のカメラ指示はT.B.(トラックバック)と読む。人数値は要確認
84,page_032.png,大モブフクと10コを食べ続けている星崎,「星崎君。」,,2+12,阿久津、星崎,medium,84は絵1コマ目+2コマ目(縦棒/番号なし継続)を統合。2コマ目action『首を傾けて見る』、dialogue星崎『ん…?』
85,page_032.png,いつの間にか机においてあるアンケフクを指し,「カラオケけけ…でうけね?ここは高得点を出すと、有名スイーツ店の商品券が貰えるそうだ」M(モノローグ)「もしや、阿久津課長が瞭したのでは…」,,5,阿久津、佐々木,low,dialogue欄が崩れて判読困難。話者は阿久津→佐々木(M)。action・dialogueの一部推測
86,page_032.png,阿久津を見て佐々木、そりって…て 隣で星崎,(off)「カモ…」,,6+13,佐々木、星崎、阿久津,low,86は絵4コマ目+5コマ目(番号なし継続)を統合。dialogue星崎(off)「カモ…」。文字崩れ多く要確認
87,page_033.png,恥ずかしそうに / そっと静か デスクをバァン! と掴み / 手で画面をタッチし手放を入れる (両手で),カラオケって いわこと すごくて…／「ひれ、ならば 俺が」／「失敗をきかってやろう」「操作者」,,9,,low,87は3コマにまたがる(丸番号は最初のコマのみ、以降縦棒/空白で継続)。action・dialogueとも手書き崩し字で判読困難、推測を含む。dialogueの話者名は丸囲みだが読み取り不確実、要確認
88,page_033.png,「FLY」の曲 (曲中) スクリーンにうつる 曲8 ここから百内晴い ステージにスポットライト ジューサル処理 / ステージ上 二人静 T.UPひこ / 喉に大きく引いて 歌う リフレクション,（前奏）／ I believe in our band / 繋がってる 確かなパス,,2+12 / 4+12,二人静,low,88は2コマにまたがる(丸番号は最初のコマ、次コマは空白で継続)。曲名『FLY』はPicture内に描かれる。dialogue『I believe in our band』は英語ライブ歌詞。オレンジの縦線は編集指示線。手書き判読困難で推測多数、要確認 ｜ ページ最上段コマ。scene欄に丸番号なし＝前ページ最後のカット88の続きとして統合
89,page_034.png,PAN,Your Power still flows into me,,3,,high,
90,page_034.png,感じてる 大切なものを この肩に PAN,,,3+18,,medium,dialogue欄は日本語ト書き風の書き込みだがセリフとして明確でないため空。会議室的3人の絵
91,page_034.png,リフレクション 歌う PAN UP,きみとなら Fly I decided to become a sage,,3+12,,medium,ページ最下段。time欄丸囲みは3+12と読む
92,page_035.png,"仰おろし
歌う","of the Stars, oh like you.",,2+12,,medium,"コマ0とコマ1は連続する同一カット(コマ1は縦棒/番号なし)として統合。dialogue『of the Stars, oh like you』は歌詞と思われる"
93,page_035.png,"カウンターでグラス拭いてるマスター
リズムにのって
PAN",Oh oh (Push forward!! Pu- Push forward!!) Oh oh (Flyin' high!! Fl- Flyin' high!!),,5+18,,medium,コマ2〜4は同一カット(コマ3・4は番号なしの続き)として統合。dialogueは歌詞(コーラス)。actionのマスターのセリフ書き取りは崩れ字のため一部不確実
94,page_036.png,歌う つ人静 リフレイン PAN UP,止まることない ロックタイムライン 変えてく さあ2人で Right now!!,,,二人静,medium,action欄『つ人静(二人静)』の動き。dialogueは楽曲歌詞と思われる
95,page_036.png,存在SU 歌う つ人静のDア リフレイン,What can I do for you?,,,二人静,medium,dialogue先頭の『??』は歌詞の一部か記号。action『Dア(Dア?)』は判読困難
96,page_036.png,Dア リフレイン,What can I do for you?,,,,medium,time欄丸囲み『4+12』の可能性あり(判読困難)
97,page_037.png,T.B. 引き,Go on! Go on!!,,1,,medium,ステージ上のキャラ。ダイアログ『Go on!』はセリフ扱い
98,page_037.png,リップフラップ,,,,,low,98はこのコマとPAN UPのコマ（縦棒/番号なし）にまたがる。dialogue欄の『飲み込めもきみと』『FLY』等は歌詞と思われるが判読困難で要確認。PAN UPのコマは98の続き
99,page_037.png,PAN UP / T.B.,,,3,,low,背景は対策局会議室風。dialogue欄は歌詞の続きと思われるが判読困難。action欄に『曲こわれ』(オレンジ)のメモあり。time欄は丸囲み③が2つ見えるが99の尺として3秒と判断
100,page_038.png,ステージ上、こちらの車内点灯。商品券の入った封筒を差し出しているマスター。（次コマ続き）マスターを受けとり）,,,2,,medium,コマ0は丸囲み『100』で新カット。コマ1は縦棒(継続)のため統合。time欄の丸②はこのカット範囲の尺
101,page_038.png,モニターに97点台の二人静を映す。その前にいるマスターと二人静。店内の広々スペースに商品券を見せつける。,「おお！ 本当に貰えたのじゃ！,,3,二人静,medium,コマ2が丸囲み『101』。コマ3は番号欄空白のため継続として統合。dialogue欄の『おお！』『本当に貰えたのじゃ！』はセリフ。time欄の丸③はこのカット範囲の尺
102,page_038.png,店内スタッフと二人静、拍手して。（左後方）はしゃいでいる星崎 / スッと女子日、飲杯?ん,（佐々木）「わあ！ すごいですね！ / ？,,5,星崎、佐々木,low,丸囲み『102』。dialogue欄の話者名は丸囲みだが読み取り不確実、action欄の『星崎』は確認。セリフ話者は要確認 ｜ ページ最初のコマは scene欄に丸囲み番号なし＝前ページ最後のカット102の続き。action・dialogueとも手書き崩れ強く要確認。dialog話者は丸囲み『佐々木』らしき記載
103,page_039.png,PAN↓ / マイクシンにうつる曲? / 効カ ステーラトに オーバーライト＋ジェイ処理,暖昧カール / life is,,6+12,,low,picture欄はタイトルロゴ風の『暖昧カ…』。dialog欄の『life is』は歌詞と思われる。action欄の演出用語は判読困難で要確認
104,page_039.png,ステージ上、照れつつも頑張って歌う星崎 / PAN UP,wonder,,4,星崎,medium,104は下2コマにまたがる1カット。上コマがステージ上のバストショット、下コマがPAN UPで全身。dialog欄は歌詞『wonder』の続き。action欄の人名は『星崎』と判読(要確認)
105,page_040.png,姉、手拍子してる3人。二人静立ちよって ノリノリ,（AとD前の前春）一同「いえ～い!!」,,2+13,二人静,medium,action・dialogue欄とも手書きの崩れが強く一部推定。『AとD前の前春』は要確認
106,page_040.png,星崎 顔上げて,あ(せせ) 暖味な？,,1+6,星崎,low,106は2コマにまたがる(星崎アップ→顔上げるアップ)。dialogueの読みは不確実、要確認
107,page_040.png,PANに合せて 前のライト大きく 動かして下… PAN T.B.,距離感で どうしよう、どうしたい？って misty days,,3+12,,medium,picture内に『misty days』の書き込みあり。台詞と重なり要確認
108,page_041.png,魂)（PAN UP）,ときめいて強がって,,3+12,,medium,コマ0〜2が108（丸囲み108）。action欄冒頭の崩し字は『魂』か要確認。コマ1にPAN UP指示。timeはコマ2のsec欄『3+12』
109,page_041.png,佐々木 手拍子してる 佐々木,ハッとしてパニックン,,4+12,佐々木,low,action欄『佐々木 手拍子してる 佐々木』と読めるが崩れており要確認。dialogueは『ハッとして／パニッ／ク。』の流れ。timeはコマ3のsec欄『4+12』
110,page_041.png,見えている物の 佐々木を PAN⑦,ドキドキがハレちゃう、キニに,,,佐々木,low,コマ4〜7が110。action欄『見しているもの 佐々木を PAN⑦』（PANのあと丸数字7か）。dialogueは前カットからの続きの台詞『ドキドキがハレちゃう、キニに』。最下段のバツ印(OL?)確認要
111,page_042.png,"ファースト
目所",曖昧じゃ,,,,medium,action欄の崩し字は判読困難、要確認
112,page_042.png,"歌う

PAN UP",大胆にいけない あたりまえに one-way-love 恋の途中は いつも,,7,,medium,112のコマとPAN UP付きのコマは番号欄が続き(縦棒/空白)のため直前カットに統合。dialog冒頭の『2』は歌詞番号のためセリフから除外
113,page_042.png,スクリーンの歌詞,ココロと,,46,,medium,picture内の『ココロと』はスクリーン上の歌詞。dialog『JJDと』は崩し字で要確認
114,page_042.png,見開.,カラダが,,,,medium,dialog冒頭の『2』は歌詞番号のためセリフから除外
115,page_043.png,ノリノリの二静。台りのチ入れる,（今日白）,,,二人静,low,action・dialogue共に手書き崩れで判読困難。dialogueは『(今日白)』と読めるが要確認
116,page_043.png,ステージに 尋所 T.B. PAN,反比例 かた,,,,low,action崩れ大。カメラ指示 T.B./PANは確認できる。dialogueも判読困難、要確認
117,page_043.png,何か。,し 暖昧,,,,low,116からのPAN T.B.が跨る。dialogue『暖昧』は前カットからの続き書き込みの可能性。全体に判読困難で要確認
118,page_043.png,T.B.,ガール こわこ,,,,low,time欄にサイン(丸囲みサイン)あり。dialogue判読困難で要確認。scene欄拡大にも118を確認
119,page_044.png,店内の看板,,,4,,medium,看板に『カラオケ シンフォル』風の文字。picture欄の看板文字は判読困難
120,page_044.png,動戻って。マイクを差し出す二人静。兄の事務所は高○○万を手にしている。PAN UP,「アナル、僕らは、ち 歌わせるんで。お主も一曲」,,4+12,二人静,low,複数コマにまたがる(コマ2〜4を統合)。dialogue冒頭の崩し字が判読困難、要確認
121,page_044.png,乾杯するカルテット。次で、○ス甲クスオーを飲んでたり。PAN○,「いる間○は…」「この流れで歌えるのは、ラじきワレピートリーグ…」,,6,佐々木、星崎,low,dialogue話者に丸囲み『佐々木』『星崎M』。action文字の判読が不確実で要確認
122,page_044.png,そのグラスを机に置き,「フッ」「リーサ 君は歌え…」,SE,2+12,二人静,low,dialogue話者に丸囲み『二人静(off)』。SE表記あり。セリフ内容の判読が不確実、要確認
123,page_045.png,気になってるみの裏で 阿久津静かに言う / えっ…?と3人。 / スッと立ち上がる阿久津,ほんとかてはもいが歌が… / 「えっ?」,SE「スッ―」,4+12,阿久津、佐々木、二人静、星崎,low,手書き崩れ大。dialogue欄の話者丸囲み『阿久津』確認。action・dialogueとも判読困難で要確認 ｜ scene欄縦棒＝123の続きに統合。dialogue欄の丸囲み話者名が複数（佐々木/静/星?）。要確認 ｜ scene欄縦棒＝123の続きに統合。time欄丸囲み『4+12』
124,page_045.png,PAN 初夏、すいな眠差し,,,4,,medium,目のアップ2コマにまたがる。上コマはpicture中心で本文なし ｜ scene欄縦棒＝124の続きに統合。PAN指示あり。time欄丸囲み『4』。『すいな』は要確認
125,page_046.png,スポットライト 数珠つなぎでパッパッと フレ. PAN→,,,,,medium,コマ0とコマ1がカット125。dialogue欄は演出メモ・矢印のみでセリフなし。action欄の一部は崩し字のため推測
126,page_046.png,照明反射補間 同じく点灯する,,,2+12,,medium,action崩し字のため推測。time欄はコマ2の丸囲み『2+12』
127,page_046.png,スポットライトの阿久津解除(要確認) ステージの上、ミラーボールのライトが動して T.B.（薄暗い）,,,2,,low,コマ4・5がカット127。action欄は崩し字が激しく大半が推測、要確認。『暗め』のト書きあり。time欄は丸囲み『2』
128,page_047.png,顔のみへ／ヘッドセットが見える。PAN,,,2,佐々木,medium,複数コマにまたがる。actionはコマ0とコマ1の内容を結合。人物特定は不確実、要確認
129,page_047.png,ギターと手／スッと／マイクを上げる,,,2,,medium,コマ2とコマ3を統合。手・マイク描写
130,page_047.png,ここから ステージ 明るく。ライブ会場,Stand up now—.,,2,,medium,dialogue欄に英字歌詞 Stand up now。写真貼込みあり
131,page_048.png,PAN 歌う限津(観客),大事に抱えたものに限って,,,,medium,action欄の下部文字は崩れており『歌う限津』は要確認。dialogueは『大事に抱えたものに限って』と読む
132,page_048.png,ステージ暗く(遠い距離で) PAN／シャっ!と左手上げ(赤字),違う様(態)んと 崩れていくんだよ～,,3,,low,action欄は手書き崩し字で読み取り困難、『ステージ暗く(遠い距離で)』は推測。sec欄の丸囲み③は前カット132の尺の可能性。dialogueは『違う様んと崩れていくんだよ～』と推測、要確認
133,page_048.png,,それでも,,,,low,dialogueは『それでも』と推測、末尾に『2』のような書き込みあり要確認。time欄に丸囲みの尺記号あり読み取り困難
134,page_049.png,T.U. グラスを持つ手が震える 一気飲む,carry on 暗闇の先,,2+12,,medium,コマ0(顔アップ)とコマ1(グラスを持つ手)を統合。コマ0のsec欄は判読困難のため2+12はコマ1の値。dialogueは崩し字のため一部推測
135,page_049.png,マグ…?と フフPAN 狭い,明けようとて掴もうとが,,2+13,,low,コマ2(顔アップ)とコマ3(縦線背景・PAN)を統合。両コマとも丸番号なし=135の続き。dialogue・actionとも崩し字で推測多め、要確認
136,page_049.png,PAN T.B. 星崎(?),I won't let this break me down break me down break me down break me down,,2+18,星崎,medium,コマ4。action欄下部の人名は『星崎』らしいが崩れており要確認。dialogueは英語歌詞と思われる
137,page_050.png,アップ 手 カッコイイ (左手カッコつけ) 半 QPAN,陽が沈んでも進んでいく,,3,,medium,picture: 顔アップに赤で手が描き込まれている。2コマにまたがるが同一カット。台詞は歌詞またはコーラス的セリフ。actionの『半』は判読不確実
138,page_050.png,TB 阿久津の背 コーラス(指示),ウォッオオオ ウォッオオオ,,2+12,阿久津,medium,dialogue列の『コーラス』は赤丸囲みの演出メモ→actionへ移した。ウォッオオオはコーラス音
139,page_050.png,グラス拭いてるマスター 拭き終わり かけてる キラリと光るグラス,ウォッオオオ ？ ウォッキオオ,,2+12,,medium,2コマにまたがる同一カット。台詞はコーラス継続。マスターがグラスを拭く描写
140,page_051.png,PON ウデトロシ,ウォッオオオー ウォッオオオー,,2+12,,medium,ステージ上で歌う人物。コマ0とコマ1(PON)を統合
141,page_051.png,PAN R,"Hold my ground, 何度だって Fly",,2+12,,medium,英語詞と日本語詞混在。複数コマ(コマ2〜6)を統合
142,page_051.png,入り FIX,たとえ闘の中でも,,1+12,,low,ステージ全景。dialogue『たとえ闘の中でも』は判読困難、要確認
143,page_052.png,,Still moving on!!,,4+12,,medium,dialogue欄に英字手書き『Still moving on!!』。time欄は丸囲み『4+12』と読む
144,page_052.png,バッと暗転。,ダン!!,ダン!!,,,medium,次のコマ(番号なし・グレー暗転)を本カットに統合。オレンジで『曲ここまで』の演出メモあり(dialogue外)。time欄に丸囲み『4』らしき記号
145,page_052.png,廊(?)の看板 開か。,,,4,,low,看板に『おしながき/カクテル』風の文字。action欄の1文字目・末尾は判読困難で要確認。time欄に丸囲み『4』
146,page_053.png,席に戻ってきた阿久津／座り。／と、不本(意?)の着信音が鳴り）／阿久津 ポケットに手を入れ、／出る,「課長、お上手ですね」／「なに、付き合いで覚えた程度だよ」／「失礼。」／「もしもし。」,着信音,,佐々木、阿久津,medium,1カットが5コマに跨る(コマ0のみ丸囲み146、以降は縦棒継続)。ため統合。dialogue話者丸囲み:佐々木/阿久津/着信音/阿久津。コマ4のセリフはローマ字風『Futい?』風の走り書きで『もしもし』と推定、要確認。action『と、不本の着信音が鳴り』一部不確実
147,page_054.png,その場で議論に出る阿久津を見る佐々木,阿久津「ああ。」「そうか。」,,5,阿久津、佐々木,medium,dialogue欄の話者は丸囲み『阿久津』。破線は間を示す
148,page_054.png,二人静。かたわらに帯刀を静かに聞いている,「ああ。」「わかった。」,,5,二人静,low,action欄の文字判読困難。要確認
149,page_054.png,スマホで見る／佐々木、阿久津に問う,佐々木「……」「あのっ……」,SE「パタッ……」,4,佐々木、阿久津,medium,コマ2(149)とコマ3(番号なし・縦棒/空白の続き)を統合。コマ3は丸番号なしのため149に統合。dialogue欄に丸囲み『佐々木』話者あり
150,page_054.png,つづく,阿久津(続)「どうやら二人静が願っていたとおり、現場では事が進んだようだ」,,5+12,阿久津、二人静,low,dialogue欄に丸囲み『阿久津(続)』。長机会議室の俯瞰カット。time『5+12』は秒+コマ表記の推定
151,page_055.png,二人静 怪しんで,「……何の話じゃ？」,,4,二人静,medium,
152,page_055.png,モニター画面と,「つい先住、群れのグループに対し個になる各攻撃で作られた」,,8,阿久津,low,action・dialogue共に手書き崩れ大きく要確認
153,page_055.png,佐々木と星崎,「え…!?」,,2,佐々木、星崎,medium,
154,page_055.png,二人静 なるべく…と,「……」,,2,二人静,medium,
155,page_056.png,阿久津 強く伏せる／PAN UP,「対象の挙動が当初の想定を超える作為、決断に至ったのが,,6+12,阿久津,medium,1カットが2コマに跨る（PAN UP含む）。dialogue列は崩し字で一部不確実
156,page_056.png,星崎 緊迫 あてるあてる,「それで、結果はどうだったんですか…?,,3+12,星崎,medium,action欄の『あてるあてる』は崩し字で不確実
157,page_056.png,,「効果はなかった。マジカルビームと同様。,,4+12,阿久津,low,dialogue崩し字で不確実。『マジカルビーム』要確認
158,page_056.png,PAN／爆炎の中 ギロリとにらむ クラーケンの目,直撃の瞬間に障壁のようなもので無効化されたらしい。,,6,阿久津,medium,dialogueはコマ157からの続きセリフ。話者は阿久津。時間欄は丸囲み6
159,page_057.png,第2現実。呼び出しが来る。佐々木、阿久津に,星崎「…!!」　佐々木「な、誰…。そんな話こんで…」,,,星崎、佐々木、阿久津,medium,action・dialog欄とも崩し字。dialogueは判読困難な部分あり要確認
160,page_057.png,にらみつけ。ふっと戻し。ウカツーのを見る。,して(いいんですか?)　ハッ…,,4+12,佐々木,low,160は上から3・4・5コマ目にまたがる続き(縦棒/空白)を統合。dialogue・action崩し字多く判読困難、要確認。timeは4コマ目dialog欄脇の丸囲みより推定
161,page_058.png,"バーカウンターにT.U.
マスターの姿はなし",,,2+13,,medium,action欄の一部は次コマにまたがる可能性あり
162,page_058.png,店内には佐々木たちのみ,シーン…,,4+12,佐々木,medium,dialogue欄に丸囲み話者名＋M(モノローグ)記載あり。「あ〜…」等の心の声らしき断片。話者名は判読困難
163,page_058.png,"T.B.
店前",そういうことだったのか…,,2+12,,low,picture内に「本日休みかも」「いらっしゃいませ」等の貼り紙文字。dialogueは判読不確実、要確認
164,page_058.png,"その周り
ドアノブにかかっているCLOSEDの札",,,3,,medium,
165,page_058.png,戻る二人。佐々木うろたえ / 佐々木、やられた…と 阿久津 抜ける PAN,… / 残念な話ではあるが。 人間は持ち得るあれこの手立てを失った。,,4,佐々木、阿久津,low,dialogue欄に丸囲み『佐々木』の話者名。セリフ本文は破線で判読不可。action欄下部に別筆記あり。ページ下部に『田中』らしきサインあり ｜ ページ最初のコマは丸番号なし＝前ページ165の続き。dialogue欄冒頭に丸囲み『阿久津』の話者名あり
166,page_059.png,阿久津の 鋭い目にPAN,,,4+12,阿久津,high,
167,page_059.png,沈黙の一同,,,4,,high,
168,page_060.png,阿久津。PAN UP,課長は全てを断った上で飲み会をセッティングしたのだろう。全てはこの瞬間まで,,6,阿久津,medium,dialogue欄冒頭に丸囲み『佐々木M』の話者表記あり(モノローグ)。2コマ目は縦棒/番号なしで168の続きとして統合(PAN UP)
169,page_060.png,佐々木。グィーッと呷るのむ,我々を拘束するために…,,3+12,佐々木,medium,
170,page_060.png,二人静 スタートここから。飲み切ったグラスを机にかき(サッサのイキ サッ),「さて。,,2,二人静,medium,170は2コマにまたがる(番号なしコマを統合)。dialogue欄に丸囲み『二人静』の話者表記あり
171,page_061.png,立ち上る。PAN T.B.,そろそろ帰るとするかのう,,3+13,二人静,medium,picture・action・dialogueが複数コマにまたがる続き(縦棒/空白)を統合。台詞の話者は方言口調から二人静と推定
172,page_061.png,間髪入れずに喋る阿久津,最新の予想だと、クラーケンのキエフ上陸の可能性は極めて高い,,6,阿久津,medium,dialogue後半は欄外にはみ出しあり、読みに一部不確実
173,page_061.png,耳を塞いで首を振る二人静。月ぷ。,あーあー。そんな事言われても知らん、聞こえん！！,,5,二人静,medium,話者丸囲みは『二人静』。action末尾『月ぷ』は判読困難
174,page_061.png,次弾、むしろ怠ける / 佐々木にたずねる,最悪の事態に備え、上層部に自衛隊との対応の協議を進めている / 「佐々木君、あれをピオンサ出来ないだろうか？」二人静(ぼそっと)「いやいや——何も聞こえーーん、ラカーー」,,1+12,阿久津、佐々木、二人静,low,action冒頭の語は判読困難。dialogueは欄外はみ出しあり一部推定 ｜ ページ最初のコマは丸番号なし=前ページ174の続き。dialogue一部崩れ判読困難、要確認。ADの記述あり
175,page_062.png,いきなり佐々木さん!!とする佐々木,佐々木「フ…!」,,2,佐々木,medium,
176,page_062.png,ちょっと!と星崎,星崎「課長!いいなんてもそれは無茶じゃ…」,,2+12,星崎,low,dialogue一部判読困難、要確認
177,page_062.png,同上,阿久津(off?)「なにも佐々木君の異能力でどうこう…」 / して欲しいという訳ではない。良い案があれば提案してもらいたいだけだ。無論、これは君たちに,,10,阿久津、佐々木,low,dialogue冒頭の丸囲み話者名は阿久津と推定。末尾判読困難、要確認 ｜ ページ最上部の空白scene欄のコマ。前ページ177の続きセリフと判断。話者は文脈から阿久津と推定
178,page_063.png,同ポ 星崎,,,4+12,星崎,medium,
179,page_063.png,二人静.,知しても問題,,4+12,二人静,low,dialogue欄崩れ字で不確実、要確認
180,page_063.png,阿久津,かがね,,3,阿久津,low,dialogue欄末尾崩れ字、要確認
181,page_063.png,星崎、ブッと視線を下げる 口を結んで在々不.,星崎「ッ…!!」　取り繕っているけれど、間違い,,2,星崎,low,dialogue欄に丸囲み『M』(モノローグ指示)あり。action・dialogue共に崩れ字多く不確実、要確認
182,page_064.png,思案する佐々木 PAN↓ / 顔UP,今にして思うと、先日我々を頷かせたのもこの奇縁を見越して…,,6+12,佐々木,medium,action欄はコマ0・コマ1に跨る。dialogueは崩し字のため一部推定
183,page_064.png,阿久津 PAN UP,「上手く行けば君たちにもそれなりの見返りがあることは保証する」 佐々木(off)「所長」,,,阿久津、佐々木,medium,183はコマ2〜4に跨るため統合。dialogueは阿久津の台詞と佐々木(off)の台詞。時間欄は下段に別の書き込み(サイン)あり、尺の判読困難
184,page_065.png,,「ご期待に添えるかわからんが持ち帰り検討してみます」,,5,佐々木,medium,dialogue欄冒頭に丸囲みの話者名あり(判読困難)。セリフ末に矢印→次カットへ続く
185,page_065.png,阿久津,「……」 明日朝イチで,,3+12,阿久津,medium,dialogue欄に(2+0)のメモ書きあり。185は2コマに跨る(番号なし継続コマを統合)。continuationコマにaction『佐々木』
186,page_065.png,星崎 / 阿久津,新たを願いたいのだが,,2,星崎、阿久津,low,action欄『星崎』および下部『阿久津』。dialogueの『新た』は要確認
187,page_065.png,二人静 / 阿久津 / やれやれと嘆息（ため息）,構わないだろうサ？ / ハァ…,,2+12,二人静、阿久津,medium,action欄に『二人静』、下部『阿久津』。セリフ末に矢印→続く ｜ ページ最初のコマは丸番号なし＝前ページ187の続き
188,page_066.png,佐々木,お待たせしました,,3,佐々木,medium,dialogue話者=佐々木（丸囲み）
189,page_066.png,机の上のグラス。氷が溶けて音がする,カラン…,SE,3,,medium,dialog欄はSE「カラン…」
190,page_066.png,店の前に停まっている迎車タクシー。反対側から佐々木と星崎がフレームアウトして乗る。発進,タン…,SE,3,佐々木、星崎,low,最下段は190の続きコマ（丸番号なし）で発進を統合。dialog欄はSE系（長引く/タン/フロロロ等）で確信低。人名は要確認
191,page_067.png,"車内
二人静",二人静「おっと。,,1+12,二人静,medium,
192,page_067.png,二人は窓の外を見ながら疲れた様子。BG T.B.,"面倒なことになったの
佐々木「ええ、そうですね…
二人静「で、どうするのじゃ?",,6+12,二人静、佐々木,medium,
193,page_067.png,佐々木。→Follow,佐々木「とりあえずピーちゃんと合流してから考えましょう。,,5+12,佐々木,medium,『3パートに書き次第』はト書き寄りメモの可能性
194,page_067.png,"食堂
FIX(3+12)
PAN DOWN(4to)
佐々木のアパート チャイムの音がする。",迎えに来てもらいます。,「ピンポーン」,6+12,,medium,5コマ目(アパート外観)は番号なしで194の続き。最下部欄外に手書きメモ『玄関前に立っている佐々木みえる』あり
195,page_068.png,お隣さんの部屋。目をつぶっていたお隣さん、ねむい音で起きる。,,ピンポーン,2,お隣さん,medium,time欄丸囲み②=2秒。dialogueのビ(ピ)ポーンはSE扱い
196,page_068.png,雛の隅で毛布に(くるまり)鏡棚にいる寝間着のお隣さん。その前を母がせわしなく通り過ぎる。 / OUT。足元(脚)。,あー、はいはい,ピンポーン,3,お隣さん、母,low,action崩し字多く一部推測。dialogueは丸囲み『母(かたす)』の話者付き。time欄③=3秒はコマ2にまたがる ｜ scene欄に丸番号なし＝196の続きコマ(3コマ目)
197,page_068.png,にろて(ハロー等の書き込みか) / 不機嫌に開ける母。 / と、来訪者を見て顔をほころばせる。,誰よ / こんな時間に… / 「あらっ…,,4,母、お隣さん,low,action欄の手書き崩れ、要確認 ｜ scene欄丸番号なし＝197の続きコマ。dialogue丸囲み『母』の話者付き、後半崩れ要確認 ｜ ページ最初のコマは丸番号なし（空白）＝前ページ最後のカット197の続き。dialogue話者は丸囲み『母』。人名は候補外のため『お隣さん』は仮、要確認
198,page_069.png,大きめの箱を持っている彼氏。PAN UP,「やだあ、どうしたの急に？」／彼「わり…近くで有んでたら終電逃がしちゃって」,,2+12,彼氏,medium,198と続きコマ（PAN UPの縦棒コマ）を統合。dialogue話者は『母』と『彼氏』の丸囲み。字が崩れ一部推測
199,page_069.png,早口。会話が漏れ聞こえてるが、ベッドでニコニコと下諏さんに話す。,母「やだー、アカウントの〜。連絡くれたら良かったのに〜」ベッドン(アウフフ),,4,,low,人名『下諏さん』相当は崩れて判読困難、要確認。dialogue話者丸囲みは『母』
200,page_069.png,布団にくるまってる加藤さん。 / ムッとして目を閉じる。,「わやわや。今晩は男泊めた？」,,3,加藤,low,『加藤さん』は字形からの推測、候補外のため要確認。time欄は判読困難 ｜ ページ最上段コマは丸番号なし＝前ページのカット200の続き。Sec欄丸囲み3。
201,page_070.png,目開き、母、大きな箱を見て,「ねえ。その箱どーしたの？,,,佐々木,medium,dialogue冒頭の話者は丸囲みで書かれているが判読困難。次コマ(縦棒/空白)を統合。time欄に丸囲み『チ+12』らしき記号あり=秒+コマの可能性、判読不確実。二コマ目action『嬉しそうに』dialogue『もしかしてチョコ？』を統合。
202,page_070.png,彼氏、ニヤけて答える／PAN DOWN,「ああこれ。さっきここで君の旦那から頂いたんだ」,,5+12,,medium,"下の丸番号なしコマ(PAN DOWN, プレゼント箱)を統合。dialogue話者は丸囲み『彼』らしき記号。Sec欄下段に丸囲み『5+12』(秒+コマ)。"
203,page_071.png,"顔UP
それを聞いてハッとするお隣さん",「ぅ…」,,2,お隣さん,medium,time欄は丸囲み②=2秒
204,page_071.png,"リビングから廊下へPAN
釣り母と彼氏","「はぁ!?」
ちょっと待ってよ。どういうこと?
ここに通るのを見られたみたい。
君の娘、誕生日が近いんだろ?
会社来ないから、代わりにプレゼント預かってくれって",,11+12,,low,dialogue手書き崩れ大、複数行推読。話者名(丸囲み)は判読困難で要確認
205,page_071.png,"引きドン。
お隣さんをみて、おや?と","（パクって）
「ヘぇー
おや、どうしたの",,3+12,お隣さん,low,205は複数コマ(コマ6・7)に跨るため統合。time欄は下段の丸囲み3+12。dialogue推読多く要確認
206,page_072.png,ネットニュースから加藤さんへ(ピント送り),「かい?」 加藤さん「…」,,2,加藤さん,medium,人名『加藤さん』は手書きが崩れており要確認(用語集の候補に無い)。dialogue『かい?』は判読困難
207,page_072.png,違和感を覚える,加藤さんM「おかしい。それはあり得ない。」,,3,加藤さん,medium,人名要確認
208,page_072.png,玄関先 母 怪訝そうに ？と,母(が)「休み 父は無い(?)、それ? 聞いてて。もう何年も絶縁状態だ。 もうすぐあの子の誕生日、こんな時期だったかしら?」,,4+12,母,low,208は2コマにまたがる(母の顔アップ＋横顔)。番号は208のみで下コマは番号なし継続のため統合。dialogueの判読は不確実
209,page_072.png,母 プレゼントを受け取って 両手を差し出す / PAN。,加藤さんM「それに…けにおり——」,,2,母、加藤さん,low,人名・セリフともに判読困難で要確認。time欄は明確な丸数字が読めない ｜ ページ最初のコマは丸番号なし(空白)＝前ページ最後のカット209の続き。time欄に丸2
210,page_073.png,イメージカット。彼女、睡眠レス。,,,4+12,,medium,action文字は崩れており推測含む
211,page_073.png,プレゼントに近づく手。,,,2,,medium,
212,page_073.png,再び お隣さん。ハッ！,「ハッ！！」,,1,お隣さん,low,話者名は丸囲みで『お隣さん』と推測。字形崩れのため要確認
213,page_073.png,パッと起きあがり、ベッドに何かを引っかけている。 / ?な 3パドン,「ヲハヨー！ 外に引っかけます！！」 / 3パドン日ス？日,,3,お隣さん,low,action・dialogueとも崩し字で判読困難。要確認。time欄は判読不能 ｜ ページ最初のコマは丸番号なし＝前ページ213の続き。手書き崩れが激しく本文は要確認
214,page_074.png,隔離空間 万野さん / ベランダのカベを 駆け出す,「見ん！！,,2,,low,scene欄に丸囲み『214』。action・dialogue手書き崩れ大で読み取り不確実、要確認 ｜ 丸番号なし＝214の続きとして統合
215,page_074.png,カーテン / えりに 息を取れる,ドシャッ！！ サラサッ！！,ドシャッ！！／サラサッ！！,2,,low,scene欄に丸囲み『215』。手書き崩れ大、要確認 ｜ 丸番号なし＝215の続きとして統合。ベランダ等のト書き。dialogueは擬音的でSE扱いの可能性、要確認
216,page_075.png,"ハウスに
マワアタリニ
出て",「アッ!!」,,,,low,action・dialog手書き崩れ大。読み不確実。コマ0とコマ1(脚のカット、ハイスピード指示)は同一カット216に統合。time欄に丸囲みハイスピ8?の記号あり
217,page_075.png,"ヘンダ
チカリ
ハイスピ
バサッ...",「ガクッ!!」,,,,low,コマ2(手すり?)とコマ3(横たわる体?)、コマ4(ほぼ空白)を同一カット217に統合。手書き崩れ大で読み不確実。time欄にハイスピ8?記号あり
218,page_076.png,セキ 手すりに肩を付けて 転びこえそうになる 佐々木。 PAN UP,ちょっとキミィ！,,2+13,佐々木,medium,action欄は手書き崩れのため一部推測。dialogueは赤字『ちょっとキミィ！』。time欄は『2+13』(秒+コマ)
219,page_076.png,ネオン近く。停車しているタクシーおりて降りる 佐々木たち。,バタン……,,3,佐々木,medium,picture内に『田丸交通』の看板文字。dialogueの丸囲み『男』は話者指定。ドア音『バタン』。time欄は丸囲み『3』
220,page_077.png,ショットに強く倒れた樹木から PAN 「FLOOD」,,,4,,low,action欄手書き崩し字。『ショットに強く倒れた樹木から PAN』およびdialog欄『里(タテ:羅)』『「FLOOD』は判読困難で推測を含む。要確認
221,page_077.png,佐々木 一清 出し,,,3,佐々木,low,picture内に『follow』の書き込みあり。action欄崩し字判読困難、要確認
222,page_077.png,ただし お隣さんの 髪 か、上頭で揺れ 尻スロー,,,0+(5),お隣さん,low,action欄崩し字で判読困難、推測を含む。time欄は『Off(5』の形だが尺(秒+コマ)として不確実、要確認
223,page_078.png,"スロー
ハンディブレ
ベランダから
飛ぶ、お隣さん
PAN A",,,4,お隣さん,medium,コマ0とコマ1(PAN A、縦棒継続)を統合。time欄コマ0は縦線、コマ1に丸囲み4
224,page_078.png,"画面から外れる
Follow","「ぐ…！！」
「ビター…」",,3,お隣さん,low,dialogue欄の手書き崩し、話者『お隣さん』が丸囲み。セリフ判読困難で要確認
225,page_078.png,"間もなくす
爆発が走せる",「ドカッ！」,ドカッ,3,,medium,コマ3(佐々木のアパート俯瞰)とコマ4(爆発、縦棒継続)を統合。dialogue欄に丸囲みSE。picture注記『佐々木のアパート』
226,page_079.png,立ちビキリ 佐々木ニ将!?,ハッ!?,,4+12,佐々木,medium,action欄『佐々木ニ将!?』は判読難、要確認。dialog話者丸囲みに『佐々木』『二将?』風の記載あり
227,page_079.png,3ショット入口側。火の手が上がり倒壊しつつある3ショット。□ T.V.映像,ゴゴゴゴゴ…,,6,,medium,コマ2(CM)は番号なしの続きコマ。CM挿入指示のみで本文セリフなし、227に統合
228,page_079.png,3ショットも。お隣さんの入や、窓ガラスは爆発の衝撃で粉々に。室内は炎に包まれており、よく見えない。窓ガラスのはへん。スタートFIX(200) / PAN DOWN していき、ゆっくりと体を、カメラの晴れの後ろ姿が見える,ゴゴゴゴゴゴ…,,8,お隣さん,low,action判読困難箇所多数、要確認。dialog冒頭に『SE』風の丸囲みあり、擬音の続き。コマ4(道路/車)は番号なしの続きコマで228に統合 ｜ ページ最初のコマは丸番号なし＝前ページ最後のカット228の続き。コマ0(PAN DOWN)・コマ1(後ろ姿が見える)・コマ2・コマ3を統合。Sec欄の丸囲み数字は8。action末尾の手書き難読部あり
229,page_080.png,静かに見つめている二人静。あと、ライトバックする(引き) / お隣さんの前にスッと落下してくる田中サン。激しく詰め寄るお隣さん。倒れPAN,「いい」 「思ってれば よく気付けたね」 / 「けん嘩の作動かも大したものな」お隣さん「あの男がサカなことを口走っていましたのっ」,,2,二人静、お隣さん,low,scene欄に丸囲み『229』を確認(拡大画像で229と読める)。コマ4・コマ5を統合。dialogue欄の話者名は丸囲みだが判読困難で要確認(二人静と推定)。action・dialogueとも崩し字で確信低い。Sec欄の丸文字は2と推定だが不確実 ｜ ページ最初のコマは丸番号なし＝前ページ最後のカット229の続き。人名『田中サン』要確認。台詞は崩し字で不確実
230,page_081.png,佐々木の雅を見つめて、心の中で告白するお隣さん,お隣さんM「壁越しにずっと感じていたから分かる。おじさんが帰ってきなくて本当によかった」,,12+12,佐々木、お隣さん,low,コマ3(白背景に顔)は230の続きとして統合。Dialog『3人しずか』『B ふふん？』は同カット内。人名・台詞崩し字で不確実、要確認
231,page_081.png,鱗粉が舞う。,「君の母親を巻きこまれてしまった」 / かわいで～,,8 / 4,,low,台詞・話者名は崩し字で不確実、要確認 ｜ ページ最初のコマは丸番号なし＝前ページ最後のカット231の続き。dialogueは崩し字のため一部不確実
232,page_082.png,母のことなど眼中になし。佐々木の避難所を見つめているお隣さん。PAN UP,お隣さん「シェロートが壊れにしまった時にでかしさんと私が隣同士の部屋に収容ることは、きっともうないと思います。,,9,お隣さん、佐々木,medium,dialogue崩し字多く一部推定。『シェロート』等の固有名は要確認。232と233のコマにまたがるdialogueを統合
233,page_082.png,燃え盛る佐々木の部屋にTV,だとすれば施設行きも仕方があせん。生活環境としては今よりずいぶんマシになると思います。」,,8+12,,low,dialogue崩し字のため推定多め。要確認
234,page_082.png,3ショット お隣さんを見つめ / 微笑み。ネロトを見つめ,"「―――― / フッ……
君のそういうところ",,5+12,お隣さん,low,dialogue欄に丸囲みメモ『3ショット』はト書き相当のため除外。セリフは未完の鉤括弧のみ ｜ ページ最初のコマ2つは丸番号なし＝前ページカット234の続き。1コマ目・2コマ目を統合。人名は崩し字で確信持てず空
235,page_083.png,燃え盛るネロトを前にするなんの背。,"僕ら悪夷より
お、少ないね
どうしてしょうか？",,6+12,,low,action・dialogueとも崩し字で不確実。赤字『まほど』・丸囲み『市院現(要確認)』は演出/話者メモの可能性。要確認
236,page_083.png,お隣さん。付近で人の気配を感じ。けっと振らを向く,"「サカサカ…」
「っ！」",SE「サカサカ…」,3+12,お隣さん,low,236の丸番号あり。次コマ(丸番号なし)を統合。dialogueの丸囲み『SE』は効果音として扱い、話者丸囲み『お隣さん(要確認)』。字形崩れ大きく要確認
237,page_084.png,電柱に隠れてこちらを覗き見た怪しい男(黒帽子に黒ジャンパー)。お隣さんの視界に気付き、走って逃げる。(顔かくして),,,2,お隣さん,medium,237は電柱に隠れる男のコマ、続く縦棒コマ(男が走って逃げる)を統合。time欄の丸囲み②は2秒。SE「ス、ス、ス、ス」らしき記述あり
238,page_084.png,お隣さん もらいビックリして 男を見て。PAN UP,「シバドンに 追いかけす。」,,2+12,お隣さん,low,238は上下2コマにまたがる(バストと足元PAN UP)。話者=お隣さん。セリフ判読困難で要確認。time欄=2+12(秒+コマ)
239,page_084.png,シバドン、不敵にほほえ笑ん,「いいね。やっぱ、その話は 僕も好きじゃないん」,,3,シバドン,low,人物名『シバドン』は用語集候補外。手書き崩し字で要確認。time欄の丸囲み③=3秒
240,page_085.png,道の向こうに加瀬さんの家。倒壊しかけている2Fショット。,（結）,,3,加瀬,medium,dialogue欄は括弧付きで『結』風の字。確信度中
241,page_085.png,ショット面倒。佐々木、あいづち始まる,ガヤ,,2+12,佐々木、野次馬,medium,dialog話者は丸囲み『野次馬』、ガヤ表記
242,page_085.png,燃え盛るショットを見上げる佐々木。一人。周りに野次馬,見たところ3階の…例の隣人の部屋の…するじゃが…,,4+12,佐々木、二人静、野次馬,low,dialog話者は丸囲み『二人静』＋背。台詞崩れ大、要確認
243,page_085.png,佐々木、最悪な事態を想定し汗が流れる。↑PAN UP,グッ…お隣さん…！！ / すぐに海域を確認しましょう!!,,6,佐々木、お隣さん,low,dialog話者は丸囲み『佐々木』。最終コマ(番号なし)はPAN UPの続きで243に統合 ｜ ページ最上段のコマは丸番号なし＝前ページ243の続き。セリフは要確認
244,page_086.png,アパート近くの狭めの道 Follow / Follow Smoke,（走る作業）,,2,,medium,dialogue欄の内容は不確実（ト書き的表現の可能性）
245,page_086.png,駆けてる男(女)の男(夜) a.路地つばた感じです,,,2+12,,low,action崩し字多く要確認。time=2+12（秒+コマ）
246,page_086.png,追いかける3人ドンと 加藤さん 3人ドンとニヤけて / 加藤さん怒って / 3人ドン スーッと 飛んでいく。,（3人ドン）B急が方をつかず追げられるか？ / （加藤さん）「先に行って備えて欲しい」 / （3人ドン）B「はい、行ってきまーい」,,2 2 / 6+12,,low,246は最後の2コマ（丸番号なし継続コマ）を統合。人名『加藤』は候補外のため要確認、話者記号も崩れており低信頼 ｜ ページ最初のコマ。scene欄に丸番号なし＝前ページ最後のカット(246)の続き。picture欄に『out』のカメラ/演出メモらしき手書きあり
247,page_087.png,男に シルバニの鱗粉B ちらっと 呼づき / 手を … いっ … 伸ばすが 触れる直前で 男の姿が 一瞬で消え,シルバニ / 欠礼,「バッ！」,2+12,,low,丸囲み『247』を確認。action・dialogueとも崩し字で不確実。『シルバニ』等は要確認。この後、番号なしの継続コマ(手のアップ)を含む ｜ 番号なし継続コマ2つ分。上記247に統合すべき内容だが番号欄空白のため直前カット247の続き。SE「バッ！」らしき記述あり。文字要確認
248,page_087.png,シルバニ！！,シルバニ 「！！」,,1+18,,low,丸囲み『248』を確認。少女の目のアップ。action欄下部に囲み文字(色指定/演出メモらしき『同色』?)あり=セリフ扱いせず。dialogue『シルバニ』は話者名の可能性、要確認。time『1+18』読み不確実
249,page_088.png,その瞬間、隔離空間が発生する。Q.PAN UP,,「ブォン!!」,,,medium,249は2コマにまたがる(上コマ=ビル群、下コマ=人物。Q.PAN UPで繋ぐ)。actionの隔離空間発生は書かれた通り
250,page_088.png,Q.PAN。3ヶ所越すりのハヤカワについた二人。(隔離までを届間か)同じく隔離空間の発生に気付き。分割で(下段),「ザッ!!」「在庁ト!?」「隔離空間!?」これは……,「ザッ!!」,3+12,,low,複数コマにまたがるカット。actionは手書きが崩れ判読困難、要確認。dialogue欄に丸囲み話者名らしき記号あり判読不能。『隔離空間!?』には赤の取り消し線あり。time欄は3+12と読めるが不確実、赤線あり
251,page_089.png,ライトが振り返り、あちらへと(視線を向ける),B借しい！もうちょっとだったのに 「仲間の天使と使徒だろうか？,,,お隣さん,medium,action・dialogueとも手書き崩れ大。dialogue欄の話者名は丸囲みで『ライト』『お隣さん』と読めるが確信度中。『B借しい』は要確認
252,page_089.png,歩いてくるお隣さん。ライトに、鋭ぎ味な視線で睨んで浮かぶ、走力が流れて話すお隣さん。PAN UP。真剣な瞳でひろと(を)見据える,Bで3考えるから安全だね。ここで隔離空間が消えるのを待って? 「テスケームの主体が使徒であるなら使徒でない彼は使い走りである可能性が高いです。全ての情報を得るためにも、天使とその使徒を推しにしましょう,,11+12,お隣さん,low,コマ1〜5(全5コマ)がカット252の続き。scene欄はコマ2に丸囲み252、以降は縦棒/空白のため統合。手書き崩れが激しく本文は推測を多く含む。『テスケーム』『推しにしましょう』等は要確認。time欄は丸囲み11+12と読めるが確信度中
253,page_090.png,それを受けて 満足に 口角を上げて,,,,,medium,笑顔の少女の顔アップ。dialog欄に丸囲みキャラ名らしき記入あり(判読困難)、Bのセリフ記号らしきもの
254,page_090.png,満面の笑み。探しにゆく2人。PAN UP,うん！僕もそれに賛成だい！ それじゃあ 探した インコを！！,,5+12,,low,2コマにまたがる(笑顔アップ＋通りを歩く2人)を統合。セリフ判読不確実、要確認
255,page_090.png,道路へ出てくる 佐々木と二人静。隔離空間なりの私を見上げ。,トンの空間が 発生したというのは 近くに天使と悪魔が…,,4+12,佐々木、二人静,low,dialog欄に丸囲み佐々女(佐々木?)(off)の話者表記。セリフ・ト書きとも崩し字で判読不確実、要確認。timeは4+12
256,page_091.png,佐々木、驚いて入って（振り向く）,「お隣さんがいるかもしれません」「こっちに分かれて探すか？」「危険であっても上から探せ？」,,8,佐々木、お隣さん,low,action・dialogueとも手書き崩れ大。dialogue内『こっちに分かれて探すか？』『上から探せ？』は推測を含む。time欄は丸囲み『8』と読む。次コマ(番号なし空白行)を本カットに統合
257,page_091.png,二人静。ぽかんと。,「うえ？」,,2+12,二人静,medium,dialog欄に丸囲み話者『二人静』。time欄は『2+12』(秒+コマ)と読む
258,page_091.png,BGに東京タワーが見える。夜景。キレイ。,,,3,,medium,Picture列に東京タワー夜景写真の貼り込み。time欄丸囲み『3』
259,page_091.png,（続き）二人静の口元,「フッフッフ…！」,,2,二人静,low,dialog欄に丸囲み話者『二人静』。黒字セリフ『フッフッフ』に赤で取り消し線、赤字追記『おっぱおおおおー！』(修正指示)。action冒頭の崩し字判読困難。time欄丸囲み『2』
260,page_092.png,二人静とお隣を抱っこして飛行がまえで飛んでいる佐々木。T.B.,「ええ眺めじゃのう」！,,3,二人静、佐々木、お隣さん,medium,BG兼用らしき指定あり。picture欄に『BG兼』のメモ。人名は佐々木/二人静/お隣さんを想定
261,page_092.png,クイクイと指でつつくお隣さん。二人静・佐々木やれやれと。→Follow / PAN,「男に抱かれるなんて何年ぶりじゃろ。こげなことされたら惚れてしまうか…」／佐々木「変な気を起こさないで、ちゃんと抱いて下さい」／二人静「わかっとる、と。」「っていうか！」,,2,二人静、佐々木、お隣さん,low,コマ1〜6が261の続き(scene欄に縦棒/空白)。dialogue欄の崩し字は推測混じり、要確認。time欄下部に『2+12』の丸囲み表記あり(尺+コマ)
262,page_093.png,依頼者たちから鱗粉が流れてくる。人形にゆっくりとピント寄り。え!?と振り向く,あ、ちゃらん人が流れてくるんじゃけど「え!?」,,3+12,二人静,low,action・dialogueとも手書き崩し字で判読困難。dialog欄に丸囲み話者名(二人静と思われる)あり。要確認
263,page_093.png,お隣さんとフレンドリング姿が。お隣さん、驚いて。PAN UP。PAN T.B.,「おじさん!?」,,4+12,お隣さん,medium,dialog欄に丸囲み話者名『お隣さん』。二人目の丸囲み話者名『二人静』あり。「よかった!無事だったんだ」も別話者(二人静?)のセリフ
264,page_093.png,ずっと近づく。フレンドリングとお隣さん,「フレンドは正さ…君だろだったひみね」,,3,フレンド、お隣さん,low,dialog欄に丸囲み話者名『フレンド』らしき表記。セリフ判読困難で要確認。time欄丸囲み③
265,page_094.png,お隣さん、視線を反らす,お隣さん「すみません…もともと狙った爆発物のせいで、おじさんにも迷惑が…」,,6+12,お隣さん,medium,dialogue話者は丸囲み『お隣さん』
266,page_094.png,驚く佐々木。やはり、と二人静,佐々木「爆発物!?」 二人静「やっぱりそういう事しゃったサ」,,4+12,佐々木、二人静,medium,2コマ目(scene空白=続き)を統合。dialogue『佐々木「ふっと君のご様子…」』を含む
267,page_094.png,お隣さん、佐々木のセリフに被せて話す,お隣さん(off)「ところでおじさん!そちらの女性は…前の職場の同僚だとお伺いしました」,,6,お隣さん,medium,time丸囲み⑥
268,page_094.png,二人をじっとガン見するお隣さん。PAN,佐々木(off)「え?うん、そうだけど…」,,3+12,佐々木、お隣さん,medium,
269,page_095.png,お隣さん視点、PAN(L to S)。PAN T.B. お姫様抱っこして観客そっちにみえる2人 / 二人静、あれっと,お隣さん「…………」 / 二人静「僕、なんかやっちゃいました?」,,8,お隣さん、佐々木、二人静,medium,actionのPANの詳細は崩れ字。dialogueは丸囲み『お隣さん』の話者、内容は判読困難 ｜ 縦棒/番号なしのため269の続きとして統合。尺は丸囲み8秒
270,page_095.png,三人、揺々とした距離感で。お隣さん、駁?と,お隣さん「いえ、別にどうという訳ではないのですが」/三人「距離感が近くて思い悩んでるんだよね」/お隣さん「三人とも新しいこと動かないで」/三人「だんだん僕を交換」,,12+12,お隣さん,low,action・dialogue共に崩れ字が激しく判読困難。複数話者(丸囲み『お隣さん』『三人』)を推定。内容は要確認。ページ下部に集計『12+12』の丸記号あり
271,page_096.png,阿久津さん,「これは命令です」,,2+12,阿久津,high,
272,page_096.png,星崎。それを受けて,"「は……」
「そう言われると弱いんですけど」",,5+12,星崎,medium,コマ2(番号なし=272の続き)を統合。ニコッと笑うのト書きは272の続き
273,page_096.png,二人静。話を進める,"「しかしこうなるとお主らの伍ヶ枝を急がんといかんのう」
「Bでどんな具合なんだい？」",,4+12,二人静、星崎,low,dialogue欄の崩し字が判読困難。話者丸囲みは二人静・星崎(off)。文言は要確認
274,page_096.png,佐々木 / ふと眼下を見ると,「建物は見つけたが家具の類いが……」 / Bマ？ということなら、僕の相棒は年中あいけどこにも,,3,佐々木、二人静,low,話者丸囲みは二人静(off)。dialogue後半崩し字で要確認。画中文字『二人静の頃』 ｜ ページ最初のコマは丸番号なし=前ページ274の続き。dialogueは崩し字多く要確認
275,page_097.png,佐々木たちは通りを歩く 2人の後ツ,,,3,佐々木,medium,俯瞰の実景写真コマ。dialogueは275のセリフ欄が空、コマ間で吹き出し線がまたがる
276,page_097.png,佐々木、あり、と 目す / 同じくあっちを見る一同,（佐々木）「あの、すみません（二人静）「あっちに人影が…」,,3 / 5,佐々木、二人静,low,話者名の丸囲みは『佐々木』と読めるが要確認。dialogue崩し字多い ｜ scene欄丸番号なし=276の続き。dialogueは丸囲み複数で判読困難、『？』のメモあり。要確認
278,page_097.png,T.U. / その先に阿久津。伏売神とエリエル。,あっ！あれは…！,,3,阿久津,low,scene欄拡大で277と読めるが継続情報連番では278相当。丸番号=277をcut_labelに採用。ページ全体で丸囲み277が確認できるため277とすべきか要確認 ｜ action欄の人名『伏売神』『エリエル』は手書き崩れが強く要確認。dialogue話者は丸囲み『3バトン』(要確認)
279,page_098.png,加瀬さんキリッと。3バトンにコンタクト佐々木に釣,「3バトン、捕まえてれう！」りょーかい！ まけれ？,,3+12,,low,コマ1〜コマ2を統合(コマ2は継続で番号なし=空白)。action・dialogueとも手書き崩れが強く要確認。話者名『3バトン』要確認
280,page_098.png,佐々木少し考えてから微笑む。,君たちも手伝ってくれないかな？直接的な戦いはこっちでやるからさ。 佐々木「ト……。わかりました。」,,9,佐々木,low,コマ3〜コマ4を統合(コマ4は継続で番号なし=空白)。dialogue話者は丸囲み『佐々木』。手書き崩れが強く要確認
281,page_099.png,佐々木 恐縮しつつ,殺し合いには関わりたくないですが、このオオカ投げといつも申し訳ない…,,4+12,佐々木,medium,dialogue先頭に丸囲みで話者名(佐々木)M＝モノローグ表記。セリフ本文は崩れており一部不確実
282,page_099.png,ヨレドン、ニコッと 夜空に微笑,よろし。てんしゃす,,3,二人静,low,話者名丸囲み『二人に』様の記載＝二人静か要確認。セリフ判読困難
283,page_099.png,細い路地 外灯にむらがる蛾(2匹) PAN UP,,SE「(明音/羽音)」,3,,medium,dialogue欄はSE表記のみ(羽音)。2コマにまたがりPAN UP含め統合。dialogueにはセリフ無し
284,page_099.png,人気のない通り。ブツブツぼやきながら歩く 二人静,アイツらやっぱり失敗したじゃないか 見つかったらどうしてくれるんだ…,,5+12,二人静,medium,話者名丸囲み『二人静』と読める。赤字セリフあり(現行台詞として採用)。time欄下部の丸囲み数字を5+12と推定、要確認
285,page_100.png,スーッとその後ろを飛んでついている エリエル,かも弱い 運も悪い……,,3+12,エリエル,medium,人名エリエルは要確認(1期知識)
286,page_100.png,二人静。,「フッタ…」,,,二人静,low,dialogue先頭に丸囲みSE(効果音記号)あり。セリフ判別困難、要確認。picture2コマ目(実写背景+顔)はこのカットの続き
287,page_100.png,背後のエリエル。無表情で謝る,二人静「エリエルって本当に使えないねぇ」 エリエル「申し訳ありません」 二人静「まぁ、」,,4+12,二人静、エリエル,medium,人名エリエル要確認。2コマ目に丸5(尺?)あり
288,page_100.png,フカン。二人静とエリエル、カメラへ迫る。,「俺の意見を採用しても、大差ない結果に」,,3+12,二人静、エリエル,medium,picture下部に実写背景貼り込み。人名要確認
289,page_101.png,頭上より2灯 斜め接近。 からみ倒す TU。 ハッ！とする 佐元神。,だ、だめ 明けど,,3,佐元神,low,人物名の手書き崩れ強く『佐元神』は要確認。頭上コマ・佐元神コマの2コマを289に統合(2コマ目は番号なし継続)。dialogue後半は記号・書き文字で判読困難
290,page_101.png,一緒に抱えた 巨妖が その前に舞い降 降り立つ Q.PAN UP,「サッ」,,2+12,,low,290は舞い降りるコマとPAN UPコマの2コマを統合。dialogue欄に丸囲み話者名らしき記号ありだが判読不能(要確認)
291,page_101.png,佐元神。 グッ…！と / 逃げの方に夕！ 逃げてる,「グッ…！」,,1+18,佐元神,low,人物名『佐元神』要確認。dialogue丸囲み話者名判読不能 ｜ ページ最初のコマは丸番号なし＝前ページ291の続き。action文字は崩れており推測
292,page_102.png,○○が サッ！と降りに 道を防げてる / 落ち / 尻もちをつく / イテテ…と,「サッ！！」 / 「ひわあっ！」 / 「う…」,,2+18,,low,scene欄に丸囲み『292』を確認。台詞・ト書きとも崩れ字で推測 ｜ scene欄に丸番号なし。番号は連番で補完。ただし新カット扱いを示す番号は読めず要確認 ｜ scene欄丸番号なし＝続きの可能性。dialogue欄は崩れ字で判読困難、話者名らしき丸囲みあり要確認 ｜ scene欄丸番号なし。番号は連番補完。全体に崩れ字で低信頼
293,page_103.png,お隣さんを抱えたレイドン。微笑んで。PAN UP。,はい、そこまで。所詮お前らはゲームオーバーだ。,,5,お隣さん,medium,話者名『レイドン(?)』は丸囲みだが判読困難、要確認。1コマ目と2コマ目(PAN UP)を統合
294,page_103.png,佐々木 やばい！と,うああっ、自分捕まっちゃった、エリエル,,3+12,佐々木、エリエル,low,『エリエル』は赤字で追記。話者名要確認
295,page_103.png,エリエル、前方の佐々木らを警戒しつつも振り返り。,マスター！ もっとこちらへ！,,2+12,エリエル,low,人名『エリエル』要確認(用語集未収載)
296,page_103.png,佐々木問う。佐々木、エリエル、佐々木の方を見て。,君たち、前にも会ったことあるよね？,,3,佐々木、エリエル,low,話者名『佐々木(?)』要確認。action・dialogue内の人名判読困難
297,page_104.png,佐々木を下から見る位体（アングル）。PAN UP,「なんか知り合いかえ？」,,3,佐々木、二人静,medium,1カットが2コマにまたがる（上コマ・下コマ）。dialog話者名は判読困難だが二人静の口調
298,page_104.png,佐々木 あっと思い出し,「あっ…」,,4+18,佐々木,medium,time欄『4+18』と読む
299,page_104.png,,「いえ、知り合いという訳では…」,,3,佐々木,medium,話者名は丸囲みだが判読困難、佐々木の応答
300,page_104.png,鱗粉,Bもしくは君に鱗粉を吹き込んだのは彼等ですか？,,4+12,,low,dialog話者名『二人静』らしき丸囲み。セリフは判読困難、要確認。time欄『4+12』
301,page_105.png,星崎 キリッて座る,「ッ…！」,,4+18,星崎,medium,action冒頭の人名は『星崎』と判読
302,page_105.png,佐々木,「まぁ、それはそうしてます」,,2,佐々木,medium,dialogueの話者は丸囲み『佐々木』
303,page_105.png,佐々木らの会話の間。ずっと黙ってた 阿久津 裸足の足 もぞもぞ 踏み替え(いらだち) 星崎に近づいて阿久津,「あぁ、やはりゆ…」 「タッ…」 「タッ…」,,3+12,阿久津、星崎,low,303〜304に跨る複数コマを統合。dialogueの丸囲みは『阿久津(off)』および『B』の話者記号。SE的な『タッ』を含むが判読不確実。崩し字多く要確認
304,page_105.png,星崎に近づいて阿久津 / お隣さん、顔を上げる,「タッ…」,,3,阿久津、星崎、お隣さん,low,303と連続する芝居。action・dialogueとも崩れが激しく要確認 ｜ ページ最初のコマは丸番号なし＝前ページ最後のカット304の続き。dialogue欄は判読困難なため空
305,page_106.png,静かに問う PAN UP,「シートを爆破したのは、貴方たちの仲間ですよね?」,,6+12,お隣さん,medium,2コマにまたがる(305＋番号なし続きコマのPAN UP)。話者は丸囲み『お隣さん』
306,page_106.png,お隣さん、寂しい笑いを浮かべ,「素直に答えたら、助かるとか見逃してくれる?」,,4+12,お隣さん,medium,
307,page_106.png,お隣さん、静かに歩ける,「無理に答えなくても構いません。」,,3+12,お隣さん,low,action・dialogue共に崩し字で判読困難。話者は丸囲み『お隣さん』
308,page_107.png,お隣さんから出るヤバイ感を感じて。ジワっと寄る 3ペドン。,ただ…,,3,お隣さん,medium,action欄は崩し字多く一部推測。time欄はコマ1の丸囲み3。308と309の2コマ(picture0/1)を統合。
309,page_107.png,緊張感が走る 比売神,比売神「…！」,,2,比売神,low,人名『比売神』は用語集候補になく手書き推測。要確認。dialogue欄の丸囲みは話者名『比売神』か。
310,page_107.png,挙動して見せる目。お隣さん視点で佐々木にのみフォーカス。,,,2,お隣さん、佐々木,medium,action崩し字多く推測。『佐々木』は用語集の主人公名に一致。
311,page_107.png,× 心配そうに見ている佐々木,,,2,佐々木,medium,action冒頭に×印状の記述あり。崩し字推測。
312,page_108.png,"外灯の下
かたきた
コピーの群れ",,,2,,medium,3行目『コピーの群れ』は判読やや不確実
313,page_108.png,"魚眼レンズ
お隣さん
つぶ ゆがめ
猫背みたいな
笑みで（赤で消し）
PAN T.B.","お隣さん
（微笑み）
フ〜〜〜
「苦しんで
いただきますが」",,2,お隣さん,low,コマ1〜4は同一カット313として統合。全体に赤バツが入っており削除指示の可能性あり（コマ1・2の絵に赤の大バツ）。action欄『笑みで』は赤で抹消。dialogue『フ〜〜〜』『？』等は判読困難。コマ4はEND表記。人名『お隣さん』は要確認
