cut,action,dialogue,se,time,characters,confidence,notes
0,フレームここから(画面開始指示),,,,,medium,絵の吹き出しに『フレームここから』と思われる手書き。リードコマ。scene欄に番号なし
1,S工(1+2)に 夜空に月 流れる雲,,,1+2,,medium,場所001-002星空に合致。time『1+2』は1秒2コマと解釈。冒頭の『△工(1+2)』はマーク＋尺指定か。要確認
2,フレームインしてくる 一匹の蝶。A.C.,,,4+12,,medium,左コマscene欄に縦棒のみ→直前カット続きの可能性もあるが、本文に新たな芝居『フレームインしてくる一匹の蝶』とA.C.指定あり。次の丸②と区別。time『4/2』は4+12(4秒12コマ)と解釈。蝶の絵あり
3,バサバサと(羽ばたき)。鱗粉が舞う。OK. F.I.(?) / 印をいくつか組んで,,バサバサ / バッ バッ バッ……,2+12,尚善,low,丸囲み数字②=このページ3番目カット。蝶のアップ。左下に『バサバサ』様の手書き。次コマ(丸囲み無し・縦棒のみ)は同一カット続きとして統合。『OK.』『F.A.(?)』等の記号、『鱗粉が舞う』を結合。崩し字多く要確認 ｜ #6 BANK指定ページ。コマ0は丸囲み数字3（赤丸に△マーク）。手のアップで印を結ぶ動作
4,↑じわPAN UP うすく目を開く,…・,,2,尚善,medium,次台詞マーク（次へ続く台詞）あり
5,室内にただよう クムリ（煙）。BOOK,,,4,,medium,復活の儀の部屋（花家・夜）の様式。煙が立ちのぼる
6,同／離れ。外。扉に錠をかける花家爺の手もと,,ガチャリ…,1,花家爺,medium,丸囲み数字6。手書き「老家爺」様だが文脈・用語集より花家爺。SE記号(正)
7,←PAN！銀。築地で。 / 土下座をする花家妻と苗。連れて来た客たちも(一列作成してコピペ) / 沈公子、客らに見送られる。足音が近づく,儀式が終わるまでは、誰もこの中に入らぬように、いいですね？ / 花家妻(皆)「沈公子さま、本当にありがとうございます。この恩は一生忘れません！」,足音,1+3,花家妻、苗、沈公子,low,丸囲み数字7。次台詞マークあり。話者は明記なし。timeは読み取れず ｜ コマ0は左の絵欄に丸数字が見えず縦棒のみのため直前カット7の続きとして統合。続くコマ1も同一カット(縦棒のみ)として統合 ｜ コマ1は縦棒のみのカット継続。本来は上のカット7に統合すべきだが本文を分離掲示。time『1/3』は秒+コマで1+3と解釈、要確認
8,手を取る沈公子。頭を上げる花家主人 / 二人の顔のアップ。視線のやりとり,沈公子「奥様もお身体には気をつけて」 花家主人「重ね重ねありがとうございます…」,,6,沈公子、花家主人,low,左欄に赤い星丸印と『8』。花家妻ではなく『花家爺/花家主人』表記の判別曖昧、要確認 ｜ コマ3は左欄に縦棒のみで丸数字なし→直前カット8の続きとして統合。time『6』要確認
9,同・儀式の間。何かPAN UP→T(?)『下→通り(上)→(下)』花家主人へ / (チロ)かかえて。異変を感じている。沈公子(OFF),沈公子(OFF)「それでは失礼いたします。何かあれば私の宿まで」 / 沈公子「来ていただければ。」苗「‥‥」,,7,沈公子、花家主人、チロ、苗,low,左欄に赤い星丸印と『9』。カメラ指示は判読困難、PAN UP/トラック移動の指示と推測。要確認 ｜ scene欄に縦棒のみ＝前ページカット9の続き。本文を統合。沈公子の台詞は丸囲み『沈公子』(OFF)
10,,花家妻(OFF)「分かりました。爺。」,,2,花家妻,medium,話者名は丸囲み『花家妻』と読む(要確認)。顔のアップ
11,眉・目・同ポスフレ(寄り),(OFF)「ここに見張りを。私は」,,2,,medium,話者名記載なし。芦花婆さんの顔と思われるが本文に名なし
12,道士様をお見送りはす。,花家爺(OFF)「はい」,遠のく足音。静まり返る室内。足音,,花家爺,medium,二人立ち姿の引き。台詞は(OFF)/花家爺(OFF)
13,(F.O.ほど) (静寂——) (F.O.ほど) ただおえり,,,9 / 4,,low,燭台の絵。time欄に9と4の2段。F.O.指示と思われる手書き。本文判読困難
14,苗の横顔アップ。眉・目、何かに気づく / 目を開け、何かを見つける（苗の目アップ）,（苗）…道士様は、ただ眠っていればいいと言っていたけど… / （苗）…あれは…？,,8,苗,medium,絵は耳・横顔のアップ。本文セリフ冒頭は黄爺さんが残した言葉とも取れるが話者は苗の丸囲み ｜ 左scene欄に丸囲み数字なし＝14の続きの可能性。time欄に8。番号は連番補完
15,出入口の横にある窓から一匹の蝶が入り込んで（縦縞＝窓の格子） / 蝶が舞う。A.C.（アクションカット、動きを次カットへ連続）,,,2,,medium,「一匹の◯（蝶？）が入り込んで」と読む。固有名は不確実 ｜ 左に丸囲み数字なし＝15の続きの可能性。右下に「AC」表記、time欄に2
16,#6%兼用（流用）。窓のまわりを蝶が舞い、まわりをひらひらと飛ぶ,,,4+12,,medium,「#6 %兼用」＝流用指示。time欄「4 1/2」は誤読で4+12（4秒12コマ）と解釈
17,#6 +6%兼用 FIX 球を見つける苗,苗）…。,,,苗,medium,左コマに丸囲み17。横たわる苗の顔のアップ。『球を見つける』のニュアンス。次コマは縦棒のみで同一カットの続き
18,○兼 ←じわPAN 眉を細める。画面別 鮮物（蝶など）を散らしながら飛んでいる蝶,(M) 最後にそばに来てくれた生き物が蝶だなんて なんて素晴らしい…くだろう…,,1+12,苗,low,左コマに丸囲み18。次のコマ(蝶の散る画)は縦棒のみで同一カット続きとして統合。dialogueは判読困難箇所あり、要確認
19,#6 BANK ←そ、転がる球 FIXになり 目を閉じる苗,(M) でも、ある意味 私らしいのかもね… ギシ…,ギシ…,9,苗,low,左コマに丸囲み19。#6のBANK(流用カット)。複数コマに跨る本文を統合。判読困難箇所多く要確認
20,苗の顔アップ。気配を感じ視線を下へ。,自二休 ?…,,3+12,苗,low,絵は髪のかかった顔のアップ。コマ1(縦棒のみ＝続き)を統合。dialogueは判読困難で要確認
21,PAN UP 等尺・等速で。苗と花家主人の寝具の中央あたり。 / 白い兎が乗っている。まままが動く。苗より。,,SE 4つ 4つ 4つ 4つ,4+12,苗、花家主人,low,人名「花家主人」は寝具の文脈から。要確認 ｜ scene欄に縦棒のみ＝カット21の続きの可能性が高い。本文判読困難。SE欄に拍記号らしき繰り返し。要確認
22,フレームインPAN UP。こちらに振り向きそうな白い兎で。,,4つ 4つ 4つ…,,,low,絵は後頭部〜横顔。本文判読困難。要確認
23,花家屋敷／離れ 祭壇。FIX + フェアリング（Fix らし）,,,3,花家主人,medium,action欄の手書き判読に不確実あり。「花家屋敷/離れ 祭壇」と推定
24,瞳ブレ,…何あれ？,,3,苗,high,dialogue話者(M)=苗(M)
25,もう一体の白い鬼が現れ。,,ズズズ…,3,,medium,「白い鬼」＝妖怪。SE「ズズズ」
26,花家主人の方を向く。兼用,,ドシ… ドシ…,3,花家主人,medium,「兼」＝兼用(流用)。SE「ドシ…ドシ…」
27,花家爺の手もとに手を置く白い鬼（花家主人の胸もとに手を置く）。突如咳き込む花家主人。,苗(M)…身体が動かない。怖い…怖い…！／花家主人「ぐはっ…」／苗「!?…」,,5+12,花家爺、白い鬼、花家主人、苗,medium,コマ0とコマ1は丸番号27の続き（コマ1左に縦棒のみ）として統合。台詞は手書きのため一部推測
28,身体を起こす花家主人,ゴホッ…ゴホッ…うっ…,,2+12,花家主人,medium,
29,白い鬼／花家主人より,苗(M)ご主人様が蘇った…,,,白い鬼、花家主人、苗,medium,time欄読み取れず
30,上にPANして花家主人へ。合わせてピン送りあり。下→上へ,花家主人「…ふぅ」（女声：沈公子） / お前たち、今ならその娘を食べてもいいぞ。,,6 / 4,花家主人、沈公子,medium,丸番号未確認、29の連番から30と補完。dialogue括弧内『女声：沈公子』と推読 ｜ dialogue末尾に(声:沈公子)とあり、話者表記は花家主人。声当ては沈公子
31,②PAN→ / 瞳→ヨリ(T.U.),!?…この声は…,,2,苗,medium,話者は丸囲み『苗』(M)
32,,…ん?,,1+12,花家主人、沈公子,medium,(声:沈公子)。話者表記は花家主人
33,#6 %兼用。一と、いなくなっては苗 / まわりを見わたす 白い鬼①と②,どこ行った…探せ！ / ?……?…,,4,白い鬼,low,手書き崩れ。『白い鬼①②』はモブ呼称か。要確認
34,尚善 口もとに帳をあてる。,しーっ…,,2,尚善,medium,両コマとも話者は尚善
35,梁の上に立っている片善。気づく苗。↑PAN-UP (3+0) / うつむき肩を抱かす(背景)救出に使用した術にお帯を消す,苗「!! ...っ...」 / くっ...！,シュルルッ,3+0 / 8+0,苗、尚善,low,「片善」は丸囲み文字。前後の文脈から尚善の可能性あり要確認。ヘッダ赤字にもPAN-UP指示あり ｜ scene欄に縦棒のみ＝カット35の続きの可能性が高いが、絵が変化しているため枝番Bとした。本文崩れ多く要確認
36,←(苗) 今だ縄で / 苗 悔しさで涙を流す / キッと下の方を睨んで,苗(M)「そんな騙された...！さっきのご主人様の声 沈公子の声だ...！」 / 苗(M)「...これは復活の儀なんかじゃない (小声)」,,9,苗、沈公子,low,(M)＝モノローグ。「沈公子」は名前候補から採用 ｜ scene欄に縦棒のみ＝カット36の続き。枝番Bとした
37,じわ回りこむ↑ / 苗より バタ.,(沈)「借屍環魂だ。屍の身体を借りて魂を融合させる術なんだ (小声)」,,6+12,苗、沈公子,medium,「借屍環魂」はep7サブタイトルと一致。time「6比」はコマ数表記の可能性、6+12と解釈
38,あとから抱き締し、瞳をつけては涙がだまって(つたって),苗「そんな……!!」(小声),,2,苗,medium,action欄の手書き判読困難。dialogue話者は丸囲み「苗」
39,AC 落ちる(涙),,,2+1/2,,medium,timeは2秒+コマと思われるが下段の数字判読困難。AC=アクションカット
40,花家爺(乱鬼?)の足もとに落ちる涙,花家爺(?)「…ポタッ」,ポタッ,1+12,花家爺,low,scene欄の丸囲み人名は「乱鬼?」とも読めるが、扉/足もと文脈からシナリオ上は花家爺の可能性。要確認
41,,苗(M)「もっ…!」,,1+12,苗,medium,(M)=モノローグ。台詞判読不確実
42,ぐるん！と首を回す。白い鬼(回)。崩れて T.U. あり,,ぐりゃっ…,3,水鬼,low,本文欄は空白。絵のみのカット ｜ コマ0はscene欄に縦棒のみで丸番号なし＝前ページ最後のカット42の続きと判断。SEは『ぐりゃっ』と推定
43,見つかってしまう 茜と尚善。T.U.→T.B.(またはT.U.)+ブッキング,,,2+12,苗、尚善,low,丸番号43。本文の人名『茜』は色見本ep7に該当なし→『苗(なえ)』の可能性。要確認。記号は『TUTB』風で判読困難
44,,こやつらを殺せっ!!,,,花家主人,medium,丸番号44。dialogue頭に『花家主人』のセリフ指定
45,花家主人の奥、白い鬼(回)が飛びかかる。↑ あおり／ジャンプ(佐),白い鬼(回),,3+12,花家主人、水鬼,medium,左コマに丸番号なし(2と読めるのはコマ内番号の可能性)だが本文の内容と連番から45として扱う。右本文に『白い鬼』『あおり』『ジャンプ』の指示
46,のけ反りつつ、とっさに刀をかまえる尚善。降りPANあり / follow／法背。迫る白い鬼①②,尚善 !!っ / 白い鬼①② バッ―!!,バッ―!!,1,尚善、水鬼,medium,丸番号46。dialogue欄に『尚善』指定。PAN(降りPAN)あり ｜ コマ0とコマ1は同一カット46(scene欄に縦棒のみ＝続き)。コマ1本文『突如、光につつまれ。!?…』を統合。time『1+12』(コマ1右下)。丸囲み数字の人物は『白い鬼』表記=水鬼と推定。要確認
47,#16%兼用。同/外観。正面出入口を吹き飛ばす爆発が起き、けむりの中からひょうたんが飛んでいく,,爆―!! / ドゥォォォッ,,,medium,コマ2(47・建物外観・兼用指定)とコマ3・コマ4は同一カット47(scene欄に縦棒のみ＝続き)。本文を統合。『ひょうたん』=瓢箪(フゥールー)。SE複数(爆―!!/ドゥォォォッ)。time不明
48,follow。BG3/3。二人乗りで前進、後ろから手が伸びる,師匠からもらった護符はもう切れっ！,,3,苗,medium,action欄に『尚善』らしき丸囲み。BG3/3と矢印follow指示
49,屋敷上空を旋回して帰っていく。AC,とりあえず帰るしかと！　ピンチ!!,,3,,medium,絵に『えーん』『呂仁の鶴』らしき書き込み。dialogue末尾不確実
50,OUT。画面手前を通過する尚善と苗、その下方に離れ,家来たち：中の様子はどうだ？／どうなってる？　など,,,尚善、苗、家来,medium,絵に『尚善』『呂仁』『花家妻』らしき丸囲み
51,立ち止まり、家来の報告を聞く（花家妻・花家爺）。家来が数名、中の様子を見ては、やってくる。走って／AC,花家妻(背)：さっきの音、何があったの？／家来01(背)：奥方様、ご主人様と苗、ふたりとも部屋におりません！,,5／4,花家妻、花家爺、苗、家来,medium,コマ3(左)は縦棒のみで丸数字なし＝直前カットの続き。コマ3とコマ4を統合して51にまとめた。time欄に5と4の両方あり要確認
52,見開く(花家妻)。唖然とし / 不安がつのる。「じゅてい」あり,(花家妻)「なんですって!!」(花家爺)(off)「家人を集めろ!ふたりを探すんだ!」 / (花家妻)(off)「はっ…!」,,4+12,花家妻、花家爺,low,丸囲み52。本文の人名は丸囲み表記を忠実に読んだ ｜ scene欄に丸囲み数字なし=縦棒のみのため直前カット52の続き(同一カット)。本来52に統合すべきだが顔絵が別人(花家妻)で連続芝居のため枝番で記載。time『5+12』とも読めるが要確認
53,森 上空(夜)。(花家主人)の身体の沈下(以降 沈) / 上空を飛んでいく。(正)ズァ…,,ズァ…,3+12,花家主人,low,丸囲み53。場所は森(夜)、カット範囲053-と整合 ｜ scene欄に丸囲み数字なし=縦棒のみのため直前53の続き。絵の隅に『(OL)→2』等の指示あり要確認
54,FollowOL?→。妖怪たちの雲に包まれて飛行し、(鵠)を追っている。(沈),(沈公子)「…くそ!あと1歩で花家の財産と苗を手に入れられたのに…!」,,6,沈公子、苗,medium,丸囲み54。冒頭『←3/2』『F.O./O.L.』等のカメラ/編集指示あり要確認。『鵠』は要確認
55,夜の荒野（岩山）の遠景。月が浮かぶ / 指示を出す（沈）。妖怪4体ほど下方の森の方へと向かう。行けっ！,"Hollow！（実へ）
（沈）（背）
夜明けまでに何とかあの小娘を殺さねば…！！ / 妖怪たち（唸り）—",,6+12,沈公子,medium,丸番号55。dialogueの『沈』はcircled、敵役・沈公子の指示。Hollow表記はFollowの可能性もあるが書かれたままHollowと記載 ｜ コマ1はscene欄に丸番号無く縦棒のみ＝55の続きとして統合。妖怪の鳴き声SE
56,森の中。—を探索する状況（況）。その足もと / 足もとのアップ。歩く足,,"（静寂—
（足音—",3+12,花家爺,low,丸番号56。絵中に『四』『右』らしき書き込みあり ｜ コマ3はscene欄に丸番号無く縦棒のみ＝56の続きとして統合。本文ほぼ空白、timeのみ。足元の人物は文脈上『花家爺』の可能性だが書かれておらず要確認
57,竹林（森）の中。Follow。しばし歩くと / さきほど放った4体が後方から戻ってくる。,妖怪たち（囁り）—／（沈）！？…うしろから戻ってきた…？,,8,苗、沈公子,medium,丸番号57。ポニーテールの人物＝苗の可能性。Follow指示あり ｜ コマ0は左scene欄に縦棒のみで丸数字なし＝前ページのカット57の続きと判断し統合。dialogueの『沈』は沈公子のセリフ記号と解釈
58,,そうか、まやかしの術か。まっすぐ進んだつもりでも元の場所に戻ってしまう…,,7,,medium,左本文冒頭は判読困難。右にBG指示あり
59,顔（PAN UP）／ 木の上には（黄爺）口もとが ニヤリ,(off)いったいどこの道士だ。裏でこんな下品な術を使う奴は…／黄爺（ニヤリ…）,,6,黄爺,medium,『木の上には黄爺』と読む。黄爺はイタチ／木の上の妖術者の文脈に合致
60,△ FIX (0+12),私！下品な道士で悪かったね。,,3+12,,medium,timeは『3+12』と読む
61,立ち止まり（沈）不敵な笑み。,(off)だが、お前も同じおおモンじゃ。／（沈）フゥ…,,5,沈公子,medium,『沈』は沈公子のセリフ記号と解釈
62,森の中、妖怪たちが立ち並ぶ。子供を虐めるだけの道士なのかもしれない / 一気に襲いかかる妖怪たち,子供を虐めるだけの道士など。わし以下かもしれん。,グイィィッ!!,5+12,黄爺、妖怪たち,medium,絵は森の中の人影複数。dialogueは黄爺のセリフ ｜ scene欄に縦棒のみで丸番号無し→62の続き(同一カット)。本文を統合せず別コマだが番号無しのため枝番で表現。timeはコマ1右の数値
63,回避する黄爺。驚く表情 / ともにぶつかり合う妖怪たち,ぬんっ!,シュパッ!!／ドガガッ!!,3,黄爺、妖怪たち,medium,action欄に『回避力 黄爺』 ｜ scene欄に縦棒のみ→63の続き。複数の妖怪が衝突する描写
64,獣のような構えを見せる黄爺(作画7B),スオォリッ!!,,1,黄爺,medium,action欄『獣のような構えを見せる黄爺』『作画7B』。dialogueは黄爺の声
65,沈公子の顔アップ。樋(BG)、応戦する沈,させぬっ！,,1,沈公子,medium,絵欄は手で剣を構える人物の顔。BG指示『樋』、『応戦する沈』と読める
66,手のアップ／組み合う動き,,ガシャ！,1+2K(要確認),,low,time欄は丸囲みで『2K』のように見えるが不明瞭、要確認
67,兼用。[BANK]+フォロー。黄爺の首根っこを左手で掴むが（森・夜）,,ガシャ！,,黄爺,medium,action欄に『兼』『BANK+フォロー』『黄(爺)の首根っこを左手で掴むが』と読める
68,黄爺が変化。けむりが上がる。視界が悪いためか、何かに足蹴にされる,何っ!?／ーー／ぐぅっ…！,ぶおん、！！／ガシャ！,2,黄爺、沈公子,medium,複数コマにまたがるカット68を統合。SE『ぶおん』『ガシャ』、dialogueは『何っ!?』『ぐぅっ…！』
69,くわりが掛けて／(イメージ的な絵) 振り向く 黄爺さん,咆～,,,黄爺さん,low,コマ0。左コマに丸囲み69。本文の手書き判読困難。dialogueは『咆～』と読めるが不確実
70,②7Bにて 咆哮する黄爺さん／画ブレ／不快な眷属たち,咆哮～!! 眷属たち!?…,,4+12,黄爺さん、沈公子,low,コマ1とコマ2を統合。コマ1左に丸番号なし(継続)、コマ2左に丸囲み70。本文判読困難。『眷属たち』は色見本の沈公子の眷属の妖怪を指すと推測。time 4+12
71,"強烈な咆哮により消しとぶ／画ブレ／何とか もがく苗ちゃん／JAPAN / 少女(苗)が顔を上げ、何かに気づいて沈むような表情。ゆっくりと崩れていく
変化を解く。流れていく","(断末魔)—…／苗『ぐっ!…／うぅ…!!／ぬぅぅ…!!』 / ありだと悟り
手をのね
あぅ…",ほわぁん,2+12 / 6,苗,low,コマ3とコマ4を統合。コマ3左に丸番号なし(継続)、コマ4左に丸囲み71。time 2+12。『JAPAN』らしき枠書き有り。苗の悲鳴と推測 ｜ コマ0左に縦棒のみ・コマ0/コマ1は丸数字無し→直前カット71の続きとして統合。手書き判読困難、dialogue/action推測含む。要確認
72,"ゆっくりと(動いていく)モヤ
森の描写、人物が立っている",くそっ…魂だけ逃げやがった…,前(SE指定),3+12,沈公子,low,丸囲み72。dialogue冒頭に役名らしき囲み字あり判読困難。森(夜)の場面。要確認
73,森の上空。道観へと向かっている尚善と苗。Follow手前。月明かり。↓変身り。JUMPあり,,,2+12,尚善、苗,medium,丸囲み73。本文に『尚善』『苗』の囲み字。場所=森の上空→道観
74,Follow手前。尚善と苗のアップ。↓ / 視線だけ苗の方へ。,"(尚善)どうしてこんなことになったの…
(苗)ご主人様を生き返らせようと思って… / 尚善：自分が死んでしまうのに？
苗：え？だってご主人様は尚善で。",,1+12,尚善、苗,medium,丸囲み74。dialogueに『尚善』『苗』の話者囲み字。time欄空 ｜ コマ0左のscene欄は縦棒のみ＝前ページ74の続きとして統合。本文は74に属す
75,Follow OL →／→じゅんかん？,苗：将来きっと何らかの功績を上げられる時だ。それに大勢の方からも慕われていて…,,7,苗,medium,action欄の略号は判読難。Follow/OLと推定
76,←じんぱん／平然と詰る苗,でも、私は君がいなくても誰も困らずに…これも私の命で。,,5+12,苗,medium,action欄『じんぱん』判読不確実、要確認
78,Follow 奥へ。,皆：ご主人様を蘇らせることが出来るなら、十分割りに合うのではないですか？,,,,medium,77は欠番（このページに丸番号77無し）。左コマに『ロールイン』様の指示。話者は丸囲み『皆』
79,Follow。眉を細め,尚善・皆：苗ちゃんのご主人様も苗ちゃんも命はひとつしかないよ。 / 割りに合うことなど 絶対ない…,,11 / 3,尚善,medium,左コマ(コマ4左)はscene欄に縦棒のみだが本文に新たな丸囲み番号無し。本文話者は丸囲み『尚善』『皆』。番号は連番補完(78の次)。要確認 ｜ 画は苗の横顔。dialogueは尚善
80,森の川辺。ホタル(?)がふわりと舞う,侯女さまはまだお若いから 分からないのかもしれませんが…,,5,,low,画は蛍/光の玉。dialogueはoff。話者は要確認
81,川辺の上をゆっくりと通過してくひょうたん,命の価値はそれぞれ違うんですよ…,,4,,medium,off。瓢箪(フゥールー)が通過
82,兼用。Follow手前,これはまだ苗ちゃんが生きてるからそう言えるんだ。でも苗ちゃんが死んだら…,,,苗,medium,画は二人の少女。尚善のセリフ。次コマは縦棒のみ＝同一カット継続。time欄は次コマに記載
83,PAN 全R、緩速で木の上でこちらを見おろした黄爺。「かぶさり」,…？／苗！尚善！／尚善！ / 黄爺ちゃん…？,,9 / 2+12,苗、尚善、黄爺,medium,丸番号無し顔アップコマ。直前82の縦棒継続コマ群を経て新カットと判断し連番補完(82+1)。off指示あり ｜ action欄一部判読困難。dialogue話者は尚善(○尚善)
84,降りてくる ひょうたん 同じ高さで浮遊する,ブワァ…／こんな時間までどこへ行ってた!?,,4,黄爺,medium,ひょうたん=瓢箪(フゥールー)。SE「ブワァ」は正の指示記号、台詞は黄爺
85,「かぶさり」いつもと違う優しい笑顔,早くこっちに来い…心配したんだぞ,,3,黄爺,medium,
86,…と、険しい表情になる尚善,…私.,,,尚善,medium,話者○尚善
87,のせる(?) / 黄爺の姿が変化して気の塊へ。気が上昇する,!?…／ぐおおっ!!／コォ…!! / 黄爺「‥‥」沈公子「フワァ‥!!」,ぐおおっ!!,3+12 / 2,尚善、黄爺、沈公子,low,番号は丸囲み見えず、連番補完(83-86の続きで87)。action左の丸囲み文字判読困難。台詞話者は○尚と○黄 ｜ 絵は黄爺さんの顔。本文1コマ目に変化の指示、2コマ目に黄爺と沈公子の台詞
88,上昇、このくらい / BG.空,苗「なぜ逃げるんですか!? お知り合いじゃないんですか!?」,フワッ↑,,苗,medium,
89,PANして / 沈公子の顔。気の塊が沈公子を形成,尚善「ニセモノだ。‥!?‥」沈公子「ズワッ‥」,,5+12,尚善、沈公子,medium,絵の番号は89(コマ3左)。本文はコマ2右と一部統合。time『5 1/2』は誤読で5+12と解釈
90,造作を防ぐ。急停止するひっかかり(水平方向でOK),沈公子「‥お前に一言忠告しよう。」,,,沈公子,medium,time欄は読み取れず(『す』のような筆跡)
91,鈴(複数)が舞う中、横顔のアップ。PAN(画面右方向への振り),これ以上、この件に首を突っ込むな。一応、同じ道のもの、お前を傷つけたくないが…,,6+12,道然,medium,dialogue冒頭にキャラ指定(丸囲み)あり=道然と推定。scene欄の番号は丸囲み91。timeは下部の手書き'6+12'と読む
92,沈玉(沈公子)あり。PAN(←方向),(尚善)お前こそ、これ以上人々を騙し、傷つけるなら容赦しない！ (沈公子)(着)ほう…,,,尚善、沈公子,medium,dialogue先頭が尚善、後半に沈公子(着)。左本文の丸囲みは沈公子と推定。timeは'4+12'相当の手書きか不明瞭
93,少女の顔アップ。セリフ後に(続き指定) / RANDom?に懐に手を入れる(尚善),(off)たいした腕もないくせに、減らず口を叩くとは。生意気なガキめ！,ゴソゴソ,,尚善,low,(off)台詞。話者明記なし。左下に『セリフ後に』の演出メモ ｜ コマ3。scene欄に丸囲み数字なし=直前カット(93)の続きと判断し統合。左本文末に(尚善)指定。SE『ゴソゴソ』
94,鈴がついた帯を取り出す。動き指示(→),(鈴の音)チリ―(沈公子)…私と相するえる気か面白い… / おい娘、嬢様との約束を破る気か…？ / ！？…,鈴―,8,沈公子、苗,low,コマ5。コマ4は空コマのため出力に含めない。dialogueの沈公子台詞は判読難。『相するえる』要確認 ｜ コマ0はscene欄に縦棒のみで丸番号なし＝直前カット94の続きとして扱った。dialogueは沈公子のセリフと苗の反応
95,じゅんかん！ / 瞳アップの苗 / もう少しズレに(赤字),それにその力ギがお前を守れると思うか？それともお前の道連れとして。,,8,沈公子、苗,medium,赤字の修正指示あり。dialogueは沈公子(○Hの注記あり)
96,動揺が激しくなる苗,そのカギを選んでもいいのか？ / ！？……,,2,沈公子、苗,medium,
97,,ふたり、一緒に死にたいというのか？,,2+12,沈公子,medium,左欄に判読困難な手書きメモあり
98,兼用 戻し！ / 沈公子、尚善に,そこの小娘、お前の本心はどうなのだ / ？…,,3+12,沈公子、尚善,medium,dialogueは沈公子のセリフ。尚善(○善)の反応。timeは「3+12」と推定
99,PAN↘ 全R.余裕で,(沈公子)そいつはお前とは一切関係のない娘。そいつに「助けてほしい」と過大な要求をされただけのもの…お前は子供。そいつの身勝手な想いだけで。,,,沈公子,medium,コマ1はscene欄に縦棒のみ＝カット99の続きとして統合
100,,(苗)お前が犠牲になることなどあり得ない。(尚善)でたらめを言うな!!,,4,苗、尚善,medium,右本文の(向善)は尚善と判断
101,兼用／(沈公子)眉を細め。月キラっとボリュームを合わせた,(沈公子)でたらめだと…。(尚善)そうだ!でたらめだっ!,,2+12,沈公子、尚善,medium,timeは2+12と判断
102,兼用,(尚善)困っている人を助けてなぜ悪い。見て見ぬふりをしろとお前に言われる必要もない!,,4+12,尚善,medium,timeは4+12と判断
103,苗のアップ。横顔,私は自分で 決めたんだ！ 私が山を降りたのは,,3+12,苗,medium,右枠の数字は3+12と読む。話者は丸囲み『苗』
104,苗の驚いた表情のアップ / 苗の顔アップ、口元を手で押さえる。ポロポロと涙を流す,あなたを助けたかったからだ！ 苗「！‥‥」,,4+12,苗,low,話者枠に『兼』らしき囲み。本文末尾は丸囲み『苗』 ｜ scene欄に丸番号が無く縦棒のみ→直前カット104の続きとして統合扱い。右枠数字は4+12と推定。本文に『ポロポロと涙を流す苗』
105,沈公子の横顔,沈公子「おや？娘、なぜ泣く？ 分からないな…」 苗「一度は死ぬと決めたのに、なぜ今さら」,,3,沈公子、苗,medium,話者は丸囲み『沈公子』と『苗』。右枠数字3
106,目を閉じ泣きつづける苗。生に執着する。↓(次カットへ continue),じゃPAN（指示） 苗(略),,,苗,low,左に下線付き『じゃPAN』カメラ指示らしき記載。本文『目を閉じ泣きつづける苗』『生に執着する』。右枠に×印
107,沈公子(前)。両腕を組みつつ話しつづける沈公子。手前へ回り込む,壮大な志を抱いては者は、想いをとげた早くにこの世を去る…一生だらだらと暮らしてきた凡人が100歳まで長生きするなんて…ほんとうにくだらないと思わないか？,,,沈公子,medium,絵2コマに跨る同一カット(107)を統合。dialogueは手書き崩れあり一部推測
108,尚善『だまれっ！』。沈公子(続)。手前にゆらめく気。よく考えてみろ、娘が大人しく生贄に,だまれっ！／よく考えてみろ、娘が大人しく生贄に,,9,尚善、沈公子,medium,丸番号108。尚善と沈公子の掛け合い
109,↑PAN UP+ブラブリング(FIXもし)。沈公子の眷属（白装束の人物、生贄の娘の主人）,なってくれたら、娘の主人も難んだ。老家の人々も豊かな暮らしが続けられる。これ以上、その娘が抵抗するだけ、お前にも迷惑がかかる。そして、花家にとっても大きな損失が出る,,5+12,沈公子,low,丸番号109。複数コマに跨る本文を統合。time『5+12』と読む。末尾コマのtime欄に『9』もあるが前カット108の尺の可能性ありで保留。人名は白装束＝花家主人/眷属の可能性あり要確認
110,顔をあげ,"で…でも…！
復活したのはご主人様じゃない…
お前だ…！",,3+12,苗,medium,絵は涙を流して叫ぶ苗のアップ
111,,"バカな娘だな。
そんなことを気にするのはお前だけだ。",,,沈公子,medium,dialogue欄の人名は『沈公子』と読む。time欄は読み取れず（×印のような記号）
112,"兼用
回り込み！
両腕、組んでます","皆が心配しているね
花家と安定した今の暮らしだ。
花家の主人がどんな人なのかなど、誰も気にしてはいない",,5+12,沈公子,medium,action欄に『兼用』『回り込み』指示。話者は112-113と同一の沈公子と思われる
113,回り込み,"君が死ぬだけで全て花家が元の形に戻すんだ。
だから皆のために君が犠牲になってもらえるか？",,,沈公子,medium,time欄は記号のみで読み取れず
114,"兼用
フレーム位置 調整","うるさいっ！
そんなに自分が偉いというなら…！",,,苗,medium,絵は苗と沈公子の顔の接近構図。time欄は記号のみで読み取れず
115,鈴のついた帯を胸の前に。発光する鈴。帯を広げる尚善。広がる波紋。,お前がこの世のために…　死ね！,パァ／鈴ー！！,,尚善,medium,コマ0とコマ1(縦棒継続)を統合。コマ1左に丸番号なく直前カットの続き
116,合わせてQ.PAN。水中へと空間が変わる。兼用。,沈公子…,どぷ,1+12,沈公子,medium,time『1+12』と読む。横顔は沈公子か。dialogueの円囲み名は沈公子
117,気泡があがる。3つの鈴が沈公子をとり囲み、ほのかに発光。,調子にのって…,,,沈公子,medium,コマ3。円囲み名は沈公子
118,沈公子。にゅるりと魚を召喚させる。鈴に向かっていき。 / 鈴を噛み砕く。合わせて○○戻り,ぐわっ,召喚ー,,沈公子,medium,コマ4。右上の『4』はページ内コマ番号と判断。番号は連番補完(直前117+1) ｜ action欄の囲み文字一部不明瞭。dialogueに丸囲み記号あり。コマ1(縦棒継続)を統合。コマ1左の本文『○○戻り／バチンッ』を含む
119,水流が巻き起こり収束。尚善の術が…ふわりと残る帯,水流——!!,,,尚善,medium,action欄囲み文字『尚善』と読む。コマ3(継続)の本文を統合
120,…逃げたか。それをキャッチする沈公子。若くして因縄(いんたん)の術を使いこなすとは… / 帯を燃やす,…逃げたか。／ぎゅ…,ボボボ…,4+12,沈公子,low,『因縄(いんたん)の術』は読み難く要確認。囲み文字『沈公子』と推定。手書き崩れ多く確信低い ｜ コマ0はscene欄に縦棒のみ（丸囲み数字なし）＝前ページのカット120の続きとして統合。SEに『ボボボ…』。time欄に4+12
121,超クツプ（？）妖怪を召喚。解き放つ。画面に迫る妖怪たち,沈(公子)「ふたりを探せ。次で最後だ…」,妖怪たち（唸り）,3+12,沈公子,medium,コマ1で丸囲み『121』。コマ2はscene欄に縦棒のみで丸数字なし＝121の続きとして統合。『沈(公子)』のセリフは丸囲みの『沈』指示。time欄『3+12』。action冒頭の手書き判読困難で要確認
122,森の中。FIX＋プロップ。茂みの中で隠れている尚善、見あげている。,,,4+12,尚善,medium,コマ3で丸囲み『122』。コマ4はscene欄に縦棒のみ＝122の続きとして統合。『FIX』＋プロップ記号は判読推定。『見あげている』の主体は丸囲み『尚善』。time欄『4+12』
123,森の中。苗ともう一人の少女が振り返る。FIX。続いてB:森の引きで、二人の背後に黄爺が立つ。倒して引きへ。黄爺が背後に立ち、勝ち抜かう苗,尚善「あの術にかかっても、なぜ傷ひとつ付かないんだろう…」／黄爺「修行の差じゃち。」／苗「ひっ！」／尚善「！！」,,5+2,尚善、苗、黄爺,medium,123はA・B二コマに跨るため統合。Aの絵に少女二人、Bは森の引きで黄爺登場。左の本文文字は崩れ判読困難箇所あり
124,黄爺の顔のアップ。手前に拳。下に黄爺の顔の小さな描き込み(矢印),黄爺「なにをビビってる。そんなんじゃ死ぬぞ、バカ共。まわしはお前たち…」,,5+2,黄爺,medium,timeは「ち十に」と読めるが不確実、要確認
125,森の中、苗ともう一人の少女が見上げる(矢印で視線方向),「など興味がない。たまたまここで薬草を摘んでただけじゃ。」／苗「ホ、ホンモノ？」,,,苗,medium,
126,結界の符のアップ。衣服に貼られた符が見える,尚善「大丈夫、ホンモノ。」／尚善(off)「爺ちゃん、ありがとう。」,,8 / 3,尚善,medium,上段time=8、下段time=3。符に「結界の符」と注記。dialogue二つは同一カット内
127,複数 貼ってある。（妖怪の描写） / 二人の頭上には妖怪が浮遊している,尚善「でもこれからどうしよう。」黄爺(背)「容疑人じゃ。だが少し確認したいことがある。」 / 黄爺「娘よ、全てを話せ。」苗「…はい。」,,9+11,尚善、黄爺、苗,low,コマ0とコマ1は同一カット127として統合。コマ1のscene欄は縦棒のみで丸番号なし=127の続き。action欄『二人の頭上には妖怪が浮遊している』 ｜ コマ1のscene欄に丸番号が確認できず縦棒のみのため、127の続きの可能性が高い。ただし別カットの可能性も残るため枝番Bとして暫定出力。要確認
128,横向き ヒゲに触れつつ,黄爺「…ふーん。やはりだ。奴が花家の若様を殺したんじゃ。」,,5,黄爺,medium,
129,,苗「え…?」尚善「!…」黄爺,,1,苗、尚善、黄爺,medium,
130,F.I. △(H12)にて イメージ回想 同訳・筆速 BG 屋敷の装飾イメージ,黄爺(off)「20年前、奴は沈家の若様を殺して身体を奪った…」,,6,黄爺,medium,action一部判読困難。『沈家』は沈公子関連。F.I.指定あり、イメージ回想カット
131,後頭部のアップ（顔は見えない） / 扉が割れて／顔のひび割れた頭部のアップ,若くして健康な身体と膨大な財産を手に入れたと思ったが… / 沈家の若様は生まれつき病弱だった…,ピシッ…,10,黄爺、沈公子,medium,右上に「黄爺(OFF)」の指示。左欄に小さな指示文あり（判読困難） ｜ scene欄に縦棒のみで丸番号なし＝131の続き。本来は131に統合すべきだがコマ別に記載。SE「ピシッ」、黄爺(OFF)。「沈家＝沈公子の家」
132,橋の下に集まる人々、右手前に一人立つ人物。←PAN／全尺・繋ぎで,このままでは身体を失うと思った奴は、より豊かな財産を持つ花家に目を付けた。,,6,,medium,左欄に「←PAN 全尺・繋ぎで」
133,#6 BANK（流用カット）。#6のラスト「復活の儀シーン」をダイジェストで。F.I.(2+0),同じ術を使い、飼っていた鬼を操って花家若様の身体を奪ったんじゃ…,,8+12,,medium,BANK＝流用。「#6のラスト 復活の儀シーン ダイジェストで」、F.I.(2+0)
134,俯瞰、水面（島々）に座る人物たち。戻って／○兼（兼用） / (イタチ・黄爺),…それでも苗ちゃんを狙っているのは秘密がバレると困るから？ / そんなことではない。秘密を守りたいのなら、わざわざ娘を生贄にさせる必要はない。,,1+12,尚善、苗、黄爺,medium,左欄に「戻って」「○兼(兼用)」。話者は尚善（丸囲み） ｜ コマ0は左scene欄が縦棒のみで丸番号なし＝前ページ最後のカット134の続きと判断。本文を134に統合
135,(皆),おそらく彼女こそが儀式を成功させる鍵なんじゃ。 (苗)？…,,5+12,苗,medium,dialogue内の話者マークは判読困難。〇苗=苗の手もと等の指示
136,はじめ→ / ←PAN(ゆっくり) 寄った分引いて,"(イタチ・黄爺)
夜明け前までに、奴が操る鬼たちに娘を食わせないと儀式は失敗し、奴の魂を / 新たな身体と融合できなくする。 (尚善)そうか！だったら苗ちゃんを朝まで",,,黄爺、尚善、苗,low,絵に「見せん」等の書き込み。台詞は次カットへ継続 ｜ コマ3は左scene欄に丸番号なし＝136の続きと判断。台詞は次カットへ継続
137,ニヤリと笑う(黄爺),守ればいいんだ！ (黄爺)そうじゃ。ここに隠れていれば全ては解決する。,,14,黄爺,medium,time欄に「14」「4」と分割記載。秒+コマ表記の可能性高いが判読保留
138,夜空に月。妖怪(水鬼?)が通過して。IN/OUT の動き,(黄爺 off)太陽が昇れば奴は仕舞いじゃ。(苗 off)朝まで…,,,黄爺、苗,medium,右本文の○囲みは「妖怪」と読めるが不確実、要確認
139,森の木立。「じわ回りこむ」「手前のボシ(ブック?)」。じわ回り込み,(黄爺 off)心配ですな (off)ここ一帯に結界を張った。簡単には見つからんはずじゃ,,6 / 4+12,黄爺,medium,timeは上段「6」下段「4+12」。手前のBOOK指示
140,苗と尚善(横顔)。○兼(兼用),(苗)…… 本当にありがとうございます。,,,苗、尚善,medium,左下○囲み「兼」=兼用カット
141,尚善が黄爺をパッと見る。続いて○兼[FIX]で何か言おうとするが / ーと、遮るように黄爺のセリフ。,(尚善)でも、もし見つかってしまったら、お嬢様は彼女さまを連れて逃げて下さい…(尚善)! / (苗 off)沈公子さまの目的は私だけなのです。おふたりには何も関係ありません。 / 黄爺(イタチ)「バカバカしい。」 尚善「！…」,,7+12 / 8,尚善、苗、沈公子、黄爺,medium,コマ3に丸囲み数字が無いがコマ4(141)左にFIX付の続き本文があり、141として統合。timeは「7+12」と読む。彼女→恐らく芦花/苗を指すが要確認 ｜ コマ0はscene欄に丸数字なし＝前ページのカット141の続き。time欄は『8』と読めるがコマ表記不明
142,,黄爺「わしが何も知らない としても良いが。今ここには以上見過ごすことはできぬ。それと…」,,7,黄爺,medium,絵は森の中に座る三人(苗・黄爺・芦花婆さんと思われる)。dialogue一部判読困難
143,○兼 →しゃがみ 爺を眺めるち…(つ…,,,3+1/2,,low,time『3+1/2』のように見えるが分数読みは誤りの可能性、要確認。action判読困難
144,○兼 FIX(BK)にて 爺の手元→ヒキ,苗(イタチ)「…わ。」,,3+1/2,苗,low,time表記要確認。dialogueの人物が苗か黄爺か不確実
145,黄爺が死尾で眠っては尚善を苗の膝から運ぶ。 / 足をのばしさせる 苗,苗「…ふぅー..」,,4,黄爺、尚善、苗,low,action判読困難箇所多数、要確認 ｜ scene欄に縦棒のみで丸番号なし＝直前カット145の続き(同一カット)として統合
146,A.C. ―と苗の前に人形の蝶が舞ってくる,苗「カサカサ…」 苗「…え？これって.」,,4+12,苗,medium,右コマに人物の顔ラフあり。SE/セリフの「カサカサ」は判読推定
147,BANK+フィルタリング 突如、苗を取り囲む黒いモヤ,苗「ブワッ!!」 苗「きゃあ!」,,2,苗,medium,末尾に別キャラ丸囲み記号あり(判読困難)。「！…」続く
148,持っていた鎌で斬りかかる。このカットから持ってOK,,グォッ!,1,,medium,斬りかかる主体の人名は本文に明記なし
149,瓦パタに刃が走って(コマ) 真っ二つに切られた / ひらりと潜けて ピン送り 上→下へ 降下して沈公子へ,沈公子「…またお前か。しつこいぞ！」,斬ッ!!,8,沈公子,low,左コマ説明・記号の判読不確実。time欄空欄 ｜ コマ0は丸番号なし＝前ページ最後149の続きとして統合。沈公子は『沈公子』に統一(沢公子は誤読)
150,セリフありつつ尻尾をしまう黄爺。立ちあがる尚善,黄爺「お前にはその病弱な身体が一番似合っておる！」,,,黄爺、尚善,medium,丸番号150
151,沈公子 静かに着地,沈公子「そのまま消えてしまえ！」,,7,沈公子,medium,コマ2は丸番号なし。連番補完で151の頭。次コマに丸151あり統合
152,,沈公子「それは嫌だな。俺はまだ…」,,3,沈公子,medium,コマ3に丸番号151と記載だが、コマ1で既に150、コマ3の絵に丸151。番号整合: 左番号を優先。要確認
153,襲ってくる妖怪たち／セリフをしゃべりながら妖怪たちを斬っていく黄爺／なびかせ、カメラから引いてアクション / 了仁(?)をダッシュ力と同時に斬り伏せる／R→画面外へ,「もっと生きていたいんだっ！」 / 妖怪たち（唸り）― 黄爺「皆さまは早くお前に会いたいとさ！」／わしが送り届けてやるわ！斬っ！斬っ！ / 斬っ！！,斬っ！ / ダッ！,,黄爺さん、沈公子の眷属の妖怪,low,コマ4に丸152と記載。番号の重複・整合に乱れあり要確認。話者は文脈上尚善の可能性 ｜ コマ0〜2が同一カット153に跨る。左scene欄に丸囲み153。複数コマの本文を統合。dialogueの一部は崩し字で不確実 ｜ コマ3。左scene欄に丸囲み数字が確認できず縦棒のみのため153の続きと判断し枝番B付与。冒頭の人名様の手書きは判読困難で要確認
154,フラッシュIN+R/B'に背後から取り押さえている黄爺／沈公子と剣を構えて応戦,沈公子「ガキ、イタ…!」／黄爺「ちゃ、早く行け！」,,2+0,黄爺さん、沈公子,medium,コマ4。左scene欄に丸囲み154。timeは『2+0(210?)』で不確実。dialogue崩し字あり要確認
155,沈公子・黄爺をつかめ／ひょうたんに苗を引っぱり込む尚善／ひょうたんが巨大化した,(尚善)爺ちゃん、ごめん! 任せる!,,2,沈公子、黄爺、苗、尚善,medium,絵は丸番号155相当(155の崩し)。本文の人名は丸囲み崩し字を文脈から推定
156,とどめにくる／鎌,(沈公子)そうはさせぬ!,,1,沈公子,medium,沈公子のアップ。鎌(武器)記載
157,再び妖怪を召喚する沈公子／妖怪たち,(妖怪たち)(唸り)…,,,沈公子、沈公子の眷属の妖怪,medium,右に『佐』らしき記号。timeは『1』の可能性あり要確認
158,ひょうたんに体当たりする／不→飛び出す尚善と苗／ひょうたん元のサイズへ／ふわりと着地する尚善、ひょうたんをキャッチし印を結ぶ,(佐)ぱわっ! / キィーン!! / (苗)きゃあっ! (尚善)うっ! / (佐)(着地)— / (SE)ドサッ… (佐)パシッ,イィーン!／ぱわっ!／きゃあっ!／うっ!／ドサッ／パシッ,2+0 / 2+12,苗、尚善,low,コマ3(丸番号なし、左に縦棒)はカット157の続きの可能性もあるが、本文展開と絵から158群へ統合。timeは『2+0』『2+12』が混在記載。se・dialogueの一部は崩し字推定
159,フラッシュバック 1+2回目／結界を張る尚善／立ち上がる苗,尚善「南！！」,,,尚善、苗,medium,絵は森（夜）、結界を張る尚善と立ち上がる苗。time欄空欄
160,再び襲ってくる妖怪たち／フレームイン／A.C.／結界の中央にくるくる回るひょうたん／体当たりしてくる妖怪たち,妖怪たち（唸り）,ギィン！／ドガガッ！！,2,,medium,コマ1（左に縦棒のみ＝丸数字160なし）とコマ2（丸囲み160）を統合。コマ1は160の続き。「ひょうたん」=瓢箪。time=2の解釈に注意
161,画ブレあり、耐えている尚善,尚善「苗ちゃん。私から動かないの！」,,,尚善、苗,high,
162,アップで／つかんで投む／懐から護符を出して、あいつらに投げつけて！,,,4+12,,medium,左本文の一部は判読困難。time=4+12（秒+コマ）
163,取り出す苗。―が、へってしまう護符。,は、はいっ…！,,,苗,medium,右上コマに『は、はいっ…！』のセリフ。左下に『取り出す苗 ―が、へってしまう護符』のアクション記述
164,苗、まわりを見て向かを見つける。えーと…→あっ！,"えーと…
あっ！",,4,苗,medium,丸番号163の続きコマ(顔のアップ)を含む。time欄に『4』
165,回して その辺に落ちては小石。これなら！掴んでみる,これなら…！,(OFF),1,,low,手元のアップ。アクション・セリフとも崩し字で一部不確実
166,流背、止,,ピッ ピッ…!! (SE),4+12,,low,番号読み165。SE記号あり。time『4+12』
167,直撃し、消滅する妖怪たち,妖怪たち(断末魔)「ギャアー…！！」 / やった！効いてるっ！／また すぐに来る！備えてて！,ドカカッ！(SE),2+12 / 4,苗、尚善,medium,番号166。『消滅する妖怪たち』『ドカカッ！』『妖怪たち 断末魔ー！！』time『2+12』 ｜ 話者は丸囲み「苗」「尚善」と判読
168,,(苗)(中) はいっ！／(尚善)(M) あと少しで朝がくる…！,,3,苗、尚善,medium,(中)(M)は音声処理指定と推測
169,,(黄爺)(背) 尚善…！,,,黄爺,medium,time欄空欄
170,沈公子の剣がうねりだし / ↑[しゃがむPAN]→[たちあがる] 鎌の刃が蛇の胴体に入らず。,(沈公子) こんな時でも まだ他人を心配するとは…／俺を見くびったなっ！ / ぐっ！…切れねェ…！　尚善っ…！！,,3,沈公子、黄爺,medium,番号は左コマに丸数字なく連番補完(169の次)。話者「沈公子」(誤読「沢公子」を正す) ｜ 画面右の本文は黄爺のセリフ。「鎌の刃が蛇の胴体に入らず」は左欄ト書き
171,一気に蛇へと変化し／黄爺さんにからみつく / 結界にかけて符を投げる,(沈) ぞわわっ！！／(黄爺) い…！ / フゥー,ぞわわっ,7 / 1,沈公子、黄爺、尚善,low,番号は連番補完。話者の崩し字判読に不確実あり、要確認 ｜ 話者は『沈公子』とも読めるが、結界に符を投げる芝居・連番の文脈から尚善の可能性。手書き不鮮明、要確認
172,兼用／[フゥールー色]：ショック的に入れて,,ピタッ,1,,low,瓢箪(フゥールー)の色指定。話者表記は『沈』『尚』とも判読困難、要確認
173,↓[ゆっくりPAN Down] 吐血する 尚善／止め3フレーム下さい,尚善「ごほっ！！」　苗(M)「侯太さるっ！」,,,尚善、苗,low,右ページ下の苗のセリフは判読困難。『侯太さるっ』要確認
174,動く血を拭うこともなく、前方を見据える。 / 兼用？　尚善のあと　動づいていく,沈公子(M)「おやおや お嬢ちゃん ますます気に入った。」 / もし君が男だったら　花家主人の身体なんて不要になったのに。,,4+12,沈公子、尚善、花家主人,low,左欄に縦棒継続コマ含む。話者『沈公子』はモノローグ。連番から174 ｜ action欄に『兼用』らしき記載と『尚善のあと』『沈公子』の丸囲み。dialogue冒頭に『沈公子(off)』の話者表記あり。手書き崩れのため一部要確認
175,立ち止まり再び鎌を構える,さあ、あと何回耐えられるかな？,SE先行あり,,沈公子,medium,dialogueは沈公子の挑発と推定。話者明記なし
176,一　と・迫る鎌　回転して。,,トン・トン　トン　トン!!,,,medium,SEは丸囲み記号付き。冒頭の楕円記号は要確認
177,ふり向きざまに鎌が胸部を斬りつける。スロー（後にBPートで地面に刺さっている）,,ザシュッ!!　ぐはっ!,,沈公子,medium,『沈公子』丸囲みあり。BPート=BANK/ブック等の指定の可能性、要確認
178,PAN ハンドアップ／蛇に噛みついている　接近　スロー / ノーマルスピードに戻って蛇がさらにしめつける,黄爺『ぐぅっ!?』,ギュルルッ,3,黄爺,low,カメラ指示『PAN』『ハンドアップ?』要確認。action文一部判読困難 ｜ コマ0は前ページからの続き(scene欄に縦棒のみ、丸番号なし)。直前カット178の続きとして統合。SE『ギュルルッ』は手書き判読
179,↑じわPAN UP / 凶々しい気を放つ 沈公子,沈公子『クソったれ! イタチごときが俺を傷つけるだと!』,,,沈公子,medium,画面下部に『画ブレ』『うすめ』らしき指示あり。沈公子は誤読防止用語集に基づき確定
180,,妖怪たち『(嘘り—.』,,,沈公子の眷属の妖怪,low,dialogue判読困難、要確認。『妖怪たち』のセリフ
181,妖怪たちが次々と体当たりをして,（苗）ちゃん…,バッ ゴッ,2,沈公子の眷属の妖怪、苗,medium,SE『バッ』『ゴッ』は手書き判読 ｜ 左コマに横顔の少女。dialogue欄に「ちゃん…」、別コマに「苗」「尚善」のセリフマーク。本文は『苗:ちん…！』『尚善:苗ちゃん…』と読めるが崩れており要確認
182,遠くの森へ吹っ飛んでいく。/ ふっとんで / 中バレUP→全尺。涙を浮かべて 尚善,"ごめんね…
私たちもう…
ダメかも…",ヘッ ヘッ,4+12 / 5,尚善,low,timeは『4+12』(秒+コマ表記)。SE判読不確実、要確認 ｜ 絵は涙を浮かべる少女の横顔のアップ。本文末尾に丸囲み「尚善」。台詞の話者は尚善と推定 ｜ コマ2は scene欄に丸数字なし＝直前カット182の続き(同一カット)。本文ほぼ空白、time欄に「5」
183,PAN→全尺。やがて N.O.（ナレーション/音?）▽ 白文字(40)ほど,（苗）!! …,,6,苗,low,目のアップ作画。本文に丸囲み「苗」とセリフマーク「!! …」。time欄「6」 ｜ コマ5は scene欄に丸数字なし＝直前カット183の続き(同一カット)。絵中に丸囲みメモ「ALL IN ……」。本文は崩れ字で要確認、PAN/全尺等の指定と読める
184,T.U. △(IN)に苗の幼少期・回想,(男の子)(off)こんな気持ち悪い虫、死ねばいいんだ！,,5,苗、近所の男の子,medium,action欄『TWユ△(IN)に苗の幼少期・回想』と読む。dialogue話者は丸囲み『男の子』。time=5(秒)
185,(回想) 森の中、しゃがむ二人。イメージいっぱいから,苗(幼)なんで？今はそうかもしれないけど。きっとキレイな蝶にするよ！(男の子),,,苗、近所の男の子,medium,左本文に『イメージいっぱいから』。dialogue話者は丸囲み『苗(幼)』、末尾に丸囲み『男の子』
186,戻って じゃ畑！ 地面に刺さった鎌。刃に苗が映り込んで。,…殺しちゃうかもな。,,5,苗,medium,action欄『戻って』『じゃ畑』、刃に丸囲み『苗』が映り込む。time=5
187,ポン寄り。暗い表情の苗（映り込む）。うつろな瞳,…繭を破って出てきたのは…,,4,苗,medium,丸番号187。actionは継続コマと統合
188,苗の目の壺の中のもや（蟲）を見ている,蟲だ…,,2,苗,medium,丸番号188
189,足元・足音（→）,苗（OFF）「苗ちゃん…！」,足音,3,苗,medium,丸番号189。dialogue話者は要確認（尚善の可能性）
190,沈黙する,苗（OFF）沈黙する…,,,苗,low,丸番号190。timeは読み取れず
191,ゆっくりとこちらを向く沈公子,沈公子「…．．」 / 生贄としての私が、貴方が飼っている鬼に食われる前に死んだら…,,3+12 / 6+12,沈公子、苗,medium,左コマscene欄は縦棒のみで190の続きの可能性もあるが、絵が沈公子で別カット。番号は連番補完で191 ｜ timeは6+12と解釈
192,↑PAN UP するアソング 自身の首もとに鎌の刃を向ける(苗),儀式は失敗するんでしょう…,,,苗,medium,PAN UP指示。コマ2(番号無し・縦棒)は同一カット192の続きとして統合、time欄に『4』の記入あり
193,ワンカン (苗)の方に身体ごと向ける(沈公子) 体PAN↗,(沈公子)(苗)…ムダだ。君が先に死のうと儀式は失敗することはない,,,苗、沈公子,medium,『沈公子』と読む。1文字目は判読難だが文脈・字形から沈公子
194,冷たい目つきの沈公子,(苗)そうですか？ そうじゃないですよね… だとしたら、そもそもこれはあなたと私、ふたりだけの問題… / 沈公子「…」苗(off)「私は大人しく生贄になります。だから…」,,18+12 / 5,苗、沈公子,medium,コマ4左は空絵、番号なし。直前193+1で194と補完。timeは18+12と解釈 ｜ 絵は沈公子の正面顔アップ
195,兼用／ズーム位置調整。涙ながらにうったえる苗,苗「彼女さまを見逃してください…」(訴える声),,3,苗,medium,
196,→ T.U.(寄り)。ぎょっとする尚善,尚善「！っ…」「苗ちゃん…？」,,2+12,尚善、苗,medium,timeは2+12と解釈。左本文の枠記号は要確認
197,花家爺のもとへ1パンでかくす,苗「彼女さま、早く行ってね!! お爺さまも大ケガをしているはず…!」,,5,苗、花家爺,low,左本文の固有名は『苗のもとへ』とも読めるが、扉/隠す文脈から花家爺の可能性。要確認
198,瞳ブレ。196の絵をT.B.,苗「助けてあげて」尚善「でも…! 苗ちゃんの命を守らないと…!」,,5,苗、尚善,medium,左本文『196の…TB』と読む。冒頭(off)は苗の声と推定
199,BG ノーマル？→ O.L.へ／ふわりと風になびく髪。フレームインして。髪のすじ UP,そう…命は大切なもの,,4,苗,medium,絵は髪のなびきのアップ。BG指示やO.L.は崩し字で一部不確実
200,BG T.U.／ 苗 T.U.ターン／ 蝶も舞う（A.C.この CUTまで）,だから、お爺さまを守ってあげて。お願い…！,,5,苗,medium,左欄の指示は『蝶も舞う』『この CUTまで』と読む。A.C.指定の可能性
201,,苗っ…！,,,苗,low,絵は驚いた表情のキャラ。下段は別人物の横顔。time欄記載なし。台詞は丸囲み記号付きで不確実
202,決意打 (直善) / 苗の足もとに、囲むように符が貼られて,待ってて！すぐ戻るから！！,ピタッ‼,1,尚善、苗,low,丸番号読めず、連番で補完。『直善』は尚善の誤記/誤読の可能性。time記載なし ｜ 絵は足元と符。SEはコマ右上の手書き「ピタッ‼」
203,苗に向かって 術を投げる。←修正あり / 兼用。結界を張る。さらに元サイズのひょうたんを手にして 尚善,結界―。,シュバッ！！,7,苗、尚善,medium,左コマに縦棒のみで丸番号無し→直前カットの続きの可能性もあるが、絵が手の動き＋次コマ顔で別カットと判断し連番補完。SEは『シュバッ』と推定 ｜ 「兼用」=流用指定。左下の人物に丸囲み「尚善」らしき署名。中央に立つ人物と小さな人物
204,上3：もやもや(爆煙)。下5：OUT↑ 体勢の動き(煙が抜ける),ぽわんっ！ ／ ビューォッ‼,ぽわんっ！／ビューォッ‼,4,,medium,"絵は煙の塊と球。複数コマ(3,5)を含むが同一カット204としてまとめ。「OUT」指示あり"
205,胸部のキズを押さえている。逃がすか…！ 苗（M）侠女さまに構えるっ！,逃がすか…！,,3,沈公子、苗,medium,丸囲み「沈公子」(=誤読「沢公子」を正規化)。下のコマに別の頭部スケッチと矢印あり。同一カット204の続きとも取れるが丸番号205として判定
206,叫ぶ苗。体勢の動き(動き出し) / 首にわずかに刃がくい込み、出血。,今すぐ死ぬよ‼ / （ピッ…）,ピッ…,2,苗、沈公子,medium,絵は叫ぶ苗の顔アップ。本文「叫ぶ苗」「体勢の動き出し」読み取りやや不確実 ｜ 絵は首元のアップ
207,冷めた表情に切り替わる 沈公子,…君なら分かってくれると思ったのにさあ…,,5,沈公子,medium,丸囲み「沈公子」記載
208,回り込む！ 沈公子 ちめ（？）,（背）君も私も共に運命に見捨てられた者だ。この術を身に付けなければ。,,7,沈公子、苗,low,action欄の小字「ちめ」要確認。dialogueの主体は沈公子と推定
209,回り込む！ 苗ちゃん,400年も前に、私はひとりで痛ましく死んでいた。ひとりの凡才の道士など,,8,苗,medium,丸囲み「苗」記載
210,情念のように湧く、妖怪（？）のケムリ,（背）誰も同情しないし、気にもしない。だが今はもう誰も憎むこともない…,,8,沈公子,low,action欄の丸囲み語(妖怪？)要確認。煙状のイメージ画。dialogue主体は沈公子と推定
211,沈公子の顔アップ。PAN(↑方向)。全訳:等速で,(沈公子)わずらわしい化け狐の寿命でもせいぜい200年くらい…しかし私は天地のおとく長生きできる…,,9,沈公子,medium,丸囲み2/1=カット211。dialogue一部判読困難
212,苗の驚いた顔アップ。PAN(↗方向),(沈公子)お前が邪魔をしなければなっ！ (苗)…？,,,沈公子、苗,medium,丸囲み2/2=カット212
213,値1コマ(クイックに)。苗の背後から襲いかかる(妖怪たち)。ラストスロー(コマ)。続き:苗に妖怪たちのかげが落ちて / 鎌に入っていく鎌の刃。このCut、スロー。舞う鮮血。,(沈公子)咆哮ー！！ (苗)！！！…っ… ！…(白決),咆哮ー！！,5、1+12 / 1+12,沈公子、苗,low,コマ2(2/2の続き)とコマ3(2/3 A)を統合。scene欄は『｜』のみのコマと丸囲み2/3 Aあり。time値2つ混在のため要確認 ｜ scene欄に『213 (B)』の丸囲み。前ページ最終214とは前後するが、用紙に書かれた番号(213B)を優先。コマ1〜4は左scene欄に丸数字なく縦棒のみ＝同一カットの続き(刃の軌跡作画)としてこのカットに統合。time『1+12』は1秒12コマと解釈
214,○兼用。アバンパートの蝶が舞うシーン。BG反でキラキラFIX / （C214のつづき）闇を払う符、光を放つ,(苗)私は…蝶にはなれない…,,,苗,medium,丸囲み2/4=カット214。BG反=BG反転と推定 ｜ ヘッダに『C214のつづき』。scene欄に丸番号なし(縦棒のみ)＝前ページC214の続き。time欄に5+0らしき記入あり
215,妖怪たちを払いつつ現れたのは道然と尚善。道然、鎌(錬?)の柄を握っている,道然「妖怪ども!!」尚善「直!!」/妖怪たち（断末魔）,,2,道然、尚善,medium,『2/5』丸囲み。本文の人名は道然・尚善と判読。台詞は崩れ大、要確認
216,光弱まる。尚善たちのグループ（数人）の画。下の絵に切替 / ぎょっとする尚善、駆け出し（OUTする）,尚善「くっ…!」,,2+12,尚善,medium,『2/6』にA/Bの枝番。左欄に『216 A』『216 B』(B丸囲み)。Aは集団絵のコマ。time欄に2+12/+0らしき記入 ｜ 『216 B』(丸囲み)。横顔アップ。本文『ぎょっとする尚善 駈けだし』＋OUTする
217,森の中へと消えていく沈公子。鎌(錬?)を捨てる道然。気を失い倒れる尚善,尚善「ザ…」,,,沈公子、道然、尚善,low,『2/7』丸囲み。『◯◯』の人名は沈公子/道然/尚(尚善)と推定だが崩れ大、要確認
218,駆け寄る尚善。倒れた苗(子供)？にかけ寄る / 丹薬を飲ませて、ここでしばらく待ってる。,尚善「ドサ…」苗「苗ちゃん…!」 / 丹薬を飲ませてここでしばらく待ってる。,ドサ,3,尚善、苗、道然,low,丸番号無し→直前+1で218補完。本文『かけよる尚善』。台詞『苗ちゃん…!』らしき、人名要確認 ｜ コマ0(218)とコマ1(縦棒のみ＝218の続き)を統合。コマ1左に△IN記号あり。コマ1本文に『南薬』『チャップ尚善』らしき書き込みあり判読不確実
219,ひとり森の中へと向かう道然,師匠…？,,3,道然、尚善,medium,左欄に兼用(○兼)指示。dialogueは『師匠…？』、背(セリフ位置指定)記号あり
220,腕組みをし(BG?),師匠はかなりお怒りのようだ。…君のそんな姿を見てしまったら。,,,尚善、道然,medium,timeに『5+12』らしき記載(分数読みでなく秒+コマ)。本文に居左指示記号あり
221,Follow 奥へ 森の中を歩く道然,無理もないわね。,,2+12,道然,medium,左番号は『221』と判断(220の連番)。Follow指示あり。本文セリフ位置(腹?)記号あり
222,森（朝）。沼地のような場所。PAN。沈公子（眷属）が沈む,"沈む！「闇」
はぁ…
はぁ…
ぐっ…!!",,3+12,沈公子,medium,ヘッダにPAN指示あり。dialogueは喘ぎ声、最後は『ぐっ…!!』と推定。timeは秒+コマ表記で3+12と解釈
223,草むらに突かれた（つけられた）手のアップ。傷からの出血が激しい,くそっ！もう少しで成功したのに…！,,,沈公子,low,action欄『◯◯につけられた／柚の手ず／出血が激しい』は判読困難。dialogue確信度やや高め
224,PANにて沈公子へ。ダメージが大きい様子。早くこの魂を健康な身体に移さねば…,早くこの魂を健康な身体に移さねば…,がっ…,9+12,沈公子,medium,action先頭に『PANにて沈公子へ』。SE『がっ…』。timeは9+12と解釈
225,森（朝）。沈公子が座り込んでいる。足音→,沈黙！?…,足音,3,沈公子、道然,low,右本文に『沈黙!?…』『足音→』、下段に『フレームイン?／道然』と読める。道然が登場の可能性。判読難
226,沈公子のアップ。上目使い、肩を細かく（震わせる?） / 森（朝）。木立の中、座り込む沈公子と立つ道然のロング。→PAN,"道然…
・・・ / 沈公子「…俺を殺しに来たのか？」　道然(背)「安心しろ、僕も誓った様に軽々しく殺生はしないと。」",,3,沈公子、道然,low,左scene欄に丸番号225と読めるが連番上226。冒頭画の番号『225』はコマ4左の番号。本コマは別丸番号のため226と補完。action『上目より肩を細かく』判読困難。dialogue『道然』 ｜ 絵から尚善ではなく道然・沈公子の対峙。コマ0とコマ1(縦棒継続)を統合。dialogue末尾「軽々しく殺生はしないと」はコマ1から結合
227,沈公子の顔のアップ（叫ぶ表情）,沈公子「不…ハハハハ…それでこそ同じ道の者、道士さまだ…」,,1+12,沈公子,medium,time コマ1右の「1+12」を割当。笑い声の表記は推測
228,道然の方を向く沈公子。背,沈公子「お前も分かっているだろう、どいつもこいつも口先では正義を語り」,,,沈公子、道然,medium,絵は森の中に座る沈公子と立つ道然。コマ2右本文を割当
229,森の道然・沈公子。引き →じっとPAN。背 / 沈公子の顔アップ（よどんだ朝の森） / アップになり,「言葉では『善』『義』『道』をくり返す。臆病なくせに貪欲で、自分の強さを言葉だけで鼓舞し、実行に移さ(れ)」 / 「それで自分の本性を隠しきれているところがまた愚かで滑稽そのもの。」 / なかなか面白い奴だ。罪を重ねている自分を棚にあげて、優越感に浸るとは…,,1+12 / 3+0 / カセ2,道然、沈公子,low,コマ3左に丸囲み228・別丸囲み229A、コマ3右本文を統合。dialogueは判読困難で一部推測 ｜ コマ4左に丸囲み229B。time「3+0」は判読推測。dialogue「(つづき)」記号あり ｜ コマ0はscene欄に縦棒のみで丸番号なし。前ページからの続き(カット229)に統合。dialogue冒頭に(道然)と表記
230,,僕は今、だく腹が立っては…,,,,low,dialogue一部判読困難。話者表記なし
231,兼用,(沈公子)！？…  (道然)(兼)僕の剣がタガをしたから,,2+12,沈公子、道然,medium,dialogue一部判読困難
232,クルクル回る剣,(道然)お前の戯言を聞く気分じゃない…,ブレペタ！と,3+12,道然,medium,se・action判読やや困難
233,分身のおう。アネに打針 ピタッと止まる,"ルルルル…
チャチ…",ボン 3/12 / ルルルル、チャチ,,,low,本文は擬音的書き込みのみ。time欄相当の3/12は秒+コマの可能性 ｜ コマ0は左に縦棒のみで丸番号なし＝前ページ最後のカット233の続き。コマ1も同様にscene欄が縦棒のみで継続。コマ1本文『中OL（F.O.）してノーマルへ／うでを組んでいる 道然』を統合
234,,"兼
（道然）では失礼",,,道然,medium,左に丸囲み『234』。本文に道然の台詞『では失礼』。冒頭の○兼は要確認
235,スタート,,ビュオォォォ…,,,medium,左に丸囲み『235』。コマ4は左に縦棒のみ＝235の続きとして統合。本文『（F.O.）ビュオォォ…』、『スタート』
236,↑PAN UP+フェアリング、ノーマル(エフェクト)→FIX になりつつノーマルへO.L.、剣がチャリンとなって消える 7本の剣。出血なし,沈公子「…、…」「…。」,,,沈公子,medium,コマ0〜2まで同一カット236(scene欄に縦棒のみで丸数字なし)として統合。本文の手書き判読は不確実。「沈公子」=円囲み名(誤読「沢公子」を正す)
237,兼用 A.C. 気を失い倒れる沈公子,「ドサ、…」,ドサッ,2,沈公子,medium,丸番号237。本文判読不確実
238,道然(off) / セリフつづき,道然(off)「お前を殺さない、ただお前の術を無にしただけさ…術が効かなければ」 / お前は余命幾ばくも ないだろう…,,,道然,medium,丸番号238。dialogue欄に道然(off)の台詞 ｜ コマ0は丸囲み数字が無く縦棒のみのため、前ページのカット238の続きとして統合。左欄に『A』のマーク。time欄に007関連の集計書き込みあり
239,夜明け前。明るくなっている空,それでは 失礼します…,,4+12,,medium,丸囲み239。左欄に『B』。dialogue冒頭の(O.S.)らしき囲み記号あり
240,道観・寝室。早朝。眠っている苗,…さえずり… 苗 ….,鳥のさえずり,2+12,苗,medium,丸囲み240。場所は道観・寝室、時間は早朝
241,扉を開けた音。じわ～(B),黄爺さんは、呂仁と 芦花婆さんに お願いしている…,扉を開けた音,4+12,道然、黄爺さん、呂仁、芦花婆さん,medium,丸囲み241。dialogue話者は道然。芦花婆さんを忠実採用
242,眠っている苗のため,…どうした？ 婆ちゃんに危ないって 言われたのに私は それを聞かなかった…,,6+12,尚善、苗,medium,丸囲み242。後半セリフの話者は囲み記号(尚善か苗)、字形より尚善と推定。要確認
243,尚善の顔アップ。口もとにまだ少し血でだれている。タレ目の表情。 / 二人の顔のクローズ。首をここに寝る(寝かせる)。,尚善「ぐすっ…」／道然(off)「後悔したか？それともあの子を救べきではなかったかも？」 / 尚善「(首をここに寝る—)」,,6+12,尚善、道然,low,絵の指示『口もと まだ少し血でだれている』『タレ目』を読む。次コマは縦棒のみ＝243の続きとして統合 ｜ scene欄縦棒のみ＝243の続きコマ。本文を243に統合すべきだが、レイアウト上別コマのため記載。実際は243と1カット。time 6+12
244,室内。立つ人物と座る子供。衣紋掛け・燭台・畳のある復活/道観室内風。,道然「もう、もう泣いているの？ まだ君は成長の途中なんだ。ひとりで抱えこむほうが良い。」,,5+0,道然,medium,time『5+0』と読む(末尾不鮮明)
245,手もと・目のアップのカット。視線。,(off)「芦花婆さんも黄爺さんが仲間だと分かった？ それに…」,,,芦花婆さん、黄爺さん,medium,『芦花婆さん』『黄爺さん』を読む。次コマ縦棒は無し、丸数字245のまま続く
246,目のアップ。タレ目。右下に矢印(次カットへ continue)。 / 室内、二人の人物が向き合う。口もとを拭ってやる道然,尚善「？…」 / 道然「僕も仲間だ。困ったことがあったら遠慮なく頼ってくれ」,,5+0,尚善、道然,low,scene欄に丸数字読めず、連番で246と補完。前カット245+1。time『5+0』と読む ｜ コマ0左に丸囲み246。コマ1左は縦棒のみ＝同一カットの続きとして統合。コマ1右の「尚善 …いいや」を含む可能性あり
247,道観への道（朝）。↓PAN DOWN ＋ フォアリング（フォロー） / 歩いてくる呂仁と芦花婆さん,芦花婆さん「…まったく！歳を考えずに張り切るからだよ！道然や呂仁がいなかったらどうなってたか！」 / 黄爺さん「へんっ。油断しただけじゃ！」 芦花婆さん「しばらく日陰れて行くんだね」,,,芦花婆さん、呂仁、黄爺さん,low,コマ2左に丸囲み247。話者は芦花婆さん。コマ3左は縦棒のみ＝同一カット続きとして統合 ｜ コマ3は丸番号無し・縦棒のみのため247の続きとして枝番付与。話者表記は読み取りに不確実あり、要確認
248,包帯を巻かれているイタチ（黄爺さん）。フレーム手前。 / イタチ(黄爺)がつねられる。背景イタチ兼用,「とんでもない姿を尚善に見られたくないだろ？」 黄爺さん「そういうことに気が利くんだな」 / ギャー！,,5,黄爺さん、尚善、黄爺,medium,コマ4左に丸囲み248。黄爺さんはイタチの姿。台詞の話者一部不確実、要確認 ｜ 前ページ248の続きコマ。scene欄に丸番号なし＝直前カット248の続きと判断
249,Follow。汗だらの黄爺(イタチ),イダダダッ！わしを殺す気か！くたばれ！(芦花婆)それだけ元気なら問題はなさそうだね,,5+12,黄爺、芦花婆さん,medium,丸番号249。台詞は黄爺(イタチ)と芦花婆さん
250,F.I.△(BANK)に+6%兼用(遠景)を見送ったところ。BG PAN DOWN,(呂仁)(省)…宮中に弟子を待たせておりますので先に失礼させていただきます,,6,呂仁,medium,丸番号250。FI/BANK/兼用/PAN DOWNの指示。話者表記は呂仁と読む
251,BOOK。芦花婆さん、猫(イタチ?)を抱える,(芦花婆)道然を待たなくてもいいのかい？(呂仁)(省)少し不安なこともありますので急ぎます,,,芦花婆さん、呂仁,medium,丸番号251。話者は芦花婆さんと呂仁
252,何か察して気遣う / 表情がくもる女性の顔のアップ,(芦花婆)…こちらのことも気にかけてもらってすみたいで うまういね(要確認) / いえ、全てにおいて安穏な世が一番です。私の方も道然に,,6+12 / 5+12,芦花婆さん、道然,low,丸番号は明示されず縦棒のみだが直前251+1で252と補完。dialogueの末尾語句は判読困難で要確認 ｜ dialogue冒頭に(芦花婆)らしき囲み。表情指示『表情がくもる』あり
253,森。芦花婆さんが顔を上げる(イタチ＝黄爺さんと共に),(off)ムリを言ってもらってますから。お二人ともお元気で。(芦花婆)頷き—,,5+12,芦花婆さん、黄爺,medium,絵に老婆とイタチ。本文に『芦花婆』囲みと頷き指示
254,+6%兼用(加筆)。街への道。—を走る馬車。(加筆)向く先に雲多め。じわ引き →,(芦花婆)(off)…少し暗い顔してたね。,馬車—,5,芦花婆さん,medium,画面内に『じわ引き→』指示。本文上段に『馬車』囲み
255,イタチ(黄爺)の顔アップ。動かしイタチ,(黄爺イタチ)顧一族の事だね。(芦花婆)ああ、そうだね…,,3+12,黄爺、芦花婆さん,medium,『動かしイタチ』『顧一族』読み。time不確実
256,PAN UP。全尺、第通し。老人の顔アップ,おそらく、もうすぐ騒がしい奴らが出てくるよ。きっと…(黄爺イタチ)(off)そうだろうな…,,7+0,黄爺,medium,『PAN UP』指示。time『7+0』推定で不確実
257,T.U.で道観へ。山の中／道観（昼）。#6 BANK相当・+6%兼用,,,3,,medium,左本文に「TUにて道観へ」「山の中／道観 昼」「#6%兼用」。背景は道観の俯瞰（武当山南岩宮様式）
258,同／寝室。眠っている尚善,,,3,尚善,medium,右本文「同/寝室」「眠っている 尚善」、隣コマに「尚善」「寝た様子」。scene欄の続きコマを統合
259,尚善を見守る道然。やってくる芦花婆の足音,,芦花婆の足音,3,道然、芦花婆さん、尚善,medium,右本文「〜を見守る道然」「やってくる芦花婆の足音」、隣コマ「（足音→」
260,#6%兼用。芦花婆フレームイン、棚あり,道然。長旅で疲れているだろう。すぐに休んでもよい。少し横になりなさい,,,芦花婆さん、道然,medium,右本文に「芦花婆」セリフ。室内俯瞰、棚の指示あり
261,道然、杖で制して尚善を見つめてセリフ / よじれPAN Down 尚善の手を握っては。うっすら震えては尚善の左手。,（はい。）……すごく怖がっているようだ。 / (道然) 手を引いてしまうと、この子が目を覚ましてしまうかもしれません。落ち着いたら自然も休まる…,,1+12,道然、尚善,medium,左本文「道然 杖で制して 尚善を見つめて セリフ」、右「道然（間）」。time欄末に手書きの集計らしき記述あり要確認 ｜ 絵は手のアップ。PAN Down指定
262,芦花婆,(芦花婆) あれすぁ… きっと花の露が集まっているりにとを,,4+06,芦花婆さん,low,dialogue判読困難な箇所多数。芦花婆さんと判断
263,T.U. 全尺・等速で テーブルの奥 窓枠そばの棚に,気にしているのかもしれないね。それがあなたにバレてしまうと、,,5+12,,medium,T.U.指定
264,道然が尚善に預けた花瓶。すぐよこに尚善のひょうたん,(off) また離れ離れにすることが怖いんだ。…あなたはこの子の そばにいるべきさ。,,8,道然、尚善,medium,次コマ(縦棒・継続)を統合。瓢箪=応魂鈴関連の小物。「ぴTPAN 全尺・等速で 丸ぞーり」のカメラ指定を含む
265,苗、横たわって眠る顔のクローズアップ,芦花婆さん(M)：未熟な子供でもすぐに大きくなるんだ あっという間だよ…,,4+12,芦花婆さん、苗,medium,話者は丸囲み「芦花婆」と読む。time 4+12
266,道然の横顔。うつむく(顔に↓矢印),(M)：その瞬間、瞬間を大切に見届けるといいよ。 道然、頷き―,,5+12,道然,medium,下部に「道然」丸囲み＋「頷き―」。time 5+12
267,外から差し込む光。やがて正面へ T.U.(14コマ),道然(M)：また、自由の身でなくするのかもな…,,6+12,道然,medium,左下「やがて正○ ▽(14)」はT.U.指定の可能性。台詞末「なくするのかもな」要確認
268,目を覚ます尚善。寄り(画面赤枠＝寄りフレーム指定)。動き「直し」あり,尚善：！っ…,,1+12,尚善,medium,赤字「寄りフレーム」。台詞欄に「尚善」丸囲み
269,仰向けに横たわる尚善 / (続き),SE：「小鳥のさえずり」― / 尚善『……』,小鳥のさえずり,4,尚善,low,右本文に丸囲み「SE」＋「小鳥のさえずり」。time記載なし ｜ コマ0はscene欄に縦棒のみで丸数字無し＝前ページ最後のカット269の続きと判断。dialogueの台詞主は尚善の囲み。timeは『4』
270,つなぎだす(矢印あり),,,24R,,medium,丸囲み270。action欄に『矢印あり』の囲み書き込み。timeは『24R』と読めるが要確認
271,右手をのばし。/ そっと まつ毛に触れる(尚善),(花)はにそむく―。/ (尚善)……。,,,尚善,low,丸囲み271。dialogue頭の囲み『花』は花家系か要確認。台詞は手書き崩れのため確信低い
272,静かに引いて。,,,6,,medium,丸数字無し・scene欄に縦棒のみだが、連番性と本文内容から新カット272と判断。timeは『6』
273,笑顔を浮かべる 尚善 / ホッとしている,(道然)/ (寝児?)― / ……（笑）,,3 / 4,道然、尚善,low,丸囲み272だが前カットで272使用済みのため273に補完(連番)。dialogue二行目の囲み文字は判読困難・要確認。timeは『3』 ｜ 丸囲み尚善の表示あり
274,#6%兼用 / 小雨が降っている,（上）（小雨——,,2,,medium,兼用指示あり
275,尚善 目をパチクリして,芦花婆（OFF）おや、起きたんだね.,,2+12,尚善、芦花婆さん,medium,
278,#6%兼用 / 飯を盛る。お椀をしている 苗と芦花婆,お腹でも空いたかい？ こっち来てご飯食べな / 尚善（皆）うん…,,,苗、芦花婆さん、尚善,low,"カット番号276,277は欠番（ヘッダ朱書きc276・c277参号欠番の記載）。278から再開"
279,歩き出す / 足音 / 苗、微笑む,（足音—— / （苗）……,足音,5+12 / 2,苗,low,番号は左コマに丸数字なく連番補完。time一部不確実、要確認
280,芦花婆さん カットIN,（芦花）苗ちゃん、何してるの？,,3,芦花婆さん、苗,medium,左欄『芦花』の丸囲み。手書き判読により medium
281,はしを上げる,（苗）黄爺さまの服の破れを縫っています。（芦花）ふ～ん…,,4,苗、芦花婆さん、黄爺さん,medium,
282,ここから食べ物（兼用）／会話がはずむ 苗と芦花婆さん,（芦花婆さん）いろいろ手伝ってもらってありがとうね。（苗）いいえ、私こそ面倒をおかけ,,1,苗、芦花婆さん,medium,左の兼用指示および会話継続
283,芦花は食事↓,しました。それに、黄爺さまと俺さまにケガをさせてしまいましたから / 私にできることなら何でもやらせて下さい！／私の心も少しは楽になります。,,8 / 5,芦花婆さん、黄爺さん、苗,low,丸番号読めず直前282+1=283で補完。本文判読困難で confidence 低 ｜ 丸囲み苗。timeは概算
284,棚。尚善の方を見る。,芦花婆「まぁ…」／尚善(off)「あれ？」,,3,芦花婆さん、尚善,medium,芦花婆さん＝芦花おばあさん。表記ゆれ統一
285,↑PAN UP。全体？全通し。高窓にとまっているヤママユガ,尚善(off)「蝶が飛んできた」／芦花婆(off)「はは、これは蝶ではない。ヤママユガです」,,,尚善、芦花婆さん,medium,action冒頭の判読不確か。ヤママユガ＝丸囲み
286,,苗(off)「蛾…ですか」 / 苗「へぇ〜…キレイですね」,,7 / 2,苗,medium,コマ3はscene欄に丸囲み数字なし＝直前カット(285)の続きの可能性もあるが、本文が独立しているため286と判断。要確認 ｜ 丸囲み苗。コマ4が286
287,兼用 フレーム位置 調整,"尚善（小声）：きれいです。
苗：ですね。
尚善（小声）：…苗ちゃんもきれい
苗：え？",,4+12,尚善、苗,medium,丸番号287。dialogue話者は丸囲み「尚善」「苗」と読む
288,"回り込み→
苗をじっと見つめる尚善",,,3+12,苗、尚善,medium,丸番号288
289,,苗：目を細めて 笑うがこぼれる,,2,苗,medium,丸番号289。本文は隣コマに記載。dialogueは『目を細めて笑みがこぼれる』と読む(ト書き寄り)
290,"T.U.（PAN）
F.I.→フェアリング（クイック寄り）
F.O.あり
BGイメージ
尚善に抱きつく 苗",,,3,尚善、苗,low,丸番号290。略号は判読困難、推測含む。BGイメージ＝場所290以降イメージ/森
291,目元アップ。2コマ→DFあり、ページ寄り、たっぷり動いて,…これからは…ちゃんと生きるよ…！,,4+12,苗,medium,絵指示「2コマ」「DFあり」「ページ寄り」、台詞は苗(M=モノローグ)
292,上記と同処理。力強く抱きしめている様子で,命を大切に…誓いも…,,,苗,medium,(M)モノローグ。scene欄は縦棒のみで291の続きとも取れるが丸番号292を採用
293,やがて白ベタへO.L.。ヤマユガ(？)がひらり飛んでいく,真面目に生きて行くんだ…！↓,,6,苗,low,左コマに番号無く本文コマに記載。蝶のような絵。台詞は苗のモノローグ続き。「ヤマユガ」要確認
294,#6%兼用。翌朝。FIX。階段を下りていく（尚善と道然）。木島のさえずり↓,,,2+12,尚善、道然,medium,丸番号293。道観・武当山南岩宮様式の石段。「#6%兼用」「翌朝」「FIX」
295,F.I.！実へ。森の中/道、朝 / 森。二人の人物が立つ。手前に蛇のような生き物（295Bへ続く） / イタチ(黄爺)の顔のアップ。3+0 / 4+0 UP,尚善:爺ちゃん、来てくれありがとう。 道然:いろいろ忙しいのさ。でもまた二人で会いに行こう。 / 今度は僕もゆっくりする / うん,,6+12 / 4+0,尚善、道然、黄爺,medium,丸番号294。尚善(芽)・道然(後)の会話。場所=森（朝） ｜ 左の絵には295Aと295B(丸囲み)が記入。道然(背)のセリフ。次のコマ右に黄爺のセリフ「うん」が続く ｜ 右本文に丸囲み295Bあり。黄爺(イタチの姿)のアップ。time読み取り不確実
296,道観の食堂（または室内）の引き。木組みの楼・石段。手前に人物。FIX,〈にわとり〉～,SE,4,,low,2+0らしき記入と「4」。セリフ「にわとり」要確認
297,PAN← + フッブリング。道然/中赵(中庭?),,,2+12,道然,low,「中赵」要確認。time 2+12
298,目元のアップ。↓矢印で次カットへ続く,〈笑〉～,,3+12,,low,「直」らしき丸囲み記号。笑いのニュアンス。time 3+12
299,リピート ニニ ゾ（リピート指示の楕円）,,,,,low,左に「リピート」の指示。右本文は白紙。番号は連番で299と補完(丸番号読めず)
