cut,scene_key,place,time,weather,situation,situation_en,remove,remove_en,structures,era,source
1,対策局会議室,内閣府超常現象対策局の会議室（大型モニターと長机のある近代的な会議室）,朝,,超常現象対策局 朝 ①PAN UP. (BANKあり?),,,,,現代日本（modern-day Japan）,conte:page_003.png;conf:medium
2,対策局会議室,内閣府超常現象対策局の会議室（大型モニターと長机のある近代的な会議室）,朝,,,,,,,現代日本（modern-day Japan）,conte:page_003.png;conf:low
3,対策局会議室,内閣府超常現象対策局の会議室（大型モニターと長机のある近代的な会議室）,朝,,モニターの向かい側に座っている阿久津。,,,,,現代日本（modern-day Japan）,conte:page_003.png;conf:medium
4,対策局会議室,内閣府超常現象対策局の会議室（大型モニターと長机のある近代的な会議室）,朝,,,,,,,現代日本（modern-day Japan）,conte:page_004.png;conf:low
5,対策局会議室,内閣府超常現象対策局の会議室（大型モニターと長机のある近代的な会議室）,朝,,佐々木。愕然。,,,,,現代日本（modern-day Japan）,conte:page_004.png;conf:medium
6,対策局会議室,内閣府超常現象対策局の会議室（大型モニターと長机のある近代的な会議室）,朝,,モンタージュ PAN T.B.（4面コスト 3面くらい カ）,,,,,現代日本（modern-day Japan）,conte:page_005.png;conf:medium
7,対策局会議室,内閣府超常現象対策局の会議室（大型モニターと長机のある近代的な会議室）,朝,,阿久津。佐々木を見て,,,,,現代日本（modern-day Japan）,conte:page_005.png;conf:medium
8,対策局会議室,内閣府超常現象対策局の会議室（大型モニターと長机のある近代的な会議室）,朝,,佐々木、一瞬焦りつつも。（阿久津）／佐々木、前のモニターを見て,,,,,現代日本（modern-day Japan）,conte:page_005.png;conf:medium
9,対策局会議室,内閣府超常現象対策局の会議室（大型モニターと長机のある近代的な会議室）,朝,,厳粛な表情の阿久津。クラーケンの分布データが大型モニターに映し出されている T.U.。二人静。,,,,,現代日本（modern-day Japan）,conte:page_006.png;conf:medium
10,対策局会議室,内閣府超常現象対策局の会議室（大型モニターと長机のある近代的な会議室）,朝,,,,,,,現代日本（modern-day Japan）,conte:page_006.png;conf:low
11,対策局会議室,内閣府超常現象対策局の会議室（大型モニターと長机のある近代的な会議室）,朝,,星崎。そっけなく。,,,,,現代日本（modern-day Japan）,conte:page_006.png;conf:medium
12,対策局会議室,内閣府超常現象対策局の会議室（大型モニターと長机のある近代的な会議室）,朝,,二人静。ちょっと顔を出し。,,,,,現代日本（modern-day Japan）,conte:page_006.png;conf:medium
13,対策局会議室,内閣府超常現象対策局の会議室（大型モニターと長机のある近代的な会議室）,朝,,佐々木を挟み やいのやいの 気を遣う女子2人,,,,,現代日本（modern-day Japan）,conte:page_007.png;conf:medium
14,対策局会議室,内閣府超常現象対策局の会議室（大型モニターと長机のある近代的な会議室）,朝,,阿久津 みか(?),,,,,現代日本（modern-day Japan）,conte:page_007.png;conf:medium
15,対策局会議室,内閣府超常現象対策局の会議室（大型モニターと長机のある近代的な会議室）,朝,,身を乗り出す二人静 星崎,,,,,現代日本（modern-day Japan）,conte:page_007.png;conf:medium
16,対策局会議室,内閣府超常現象対策局の会議室（大型モニターと長机のある近代的な会議室）,朝,,星崎、阿久津を見て。,,,,,現代日本（modern-day Japan）,conte:page_008.png;conf:medium
17,対策局会議室,内閣府超常現象対策局の会議室（大型モニターと長机のある近代的な会議室）,朝,,,,,,,現代日本（modern-day Japan）,conte:page_008.png;conf:medium
18,対策局会議室,内閣府超常現象対策局の会議室（大型モニターと長机のある近代的な会議室）,朝,,,,,,,現代日本（modern-day Japan）,conte:page_008.png;conf:low
19,対策局会議室,内閣府超常現象対策局の会議室（大型モニターと長机のある近代的な会議室）,朝,,↑PAN …!?と3人。,,,,,現代日本（modern-day Japan）,conte:page_008.png;conf:medium
20,対策局会議室,内閣府超常現象対策局の会議室（大型モニターと長机のある近代的な会議室）,朝,,↓PAN ざわざわめく間。佐々木、二人静。,,,,,現代日本（modern-day Japan）,conte:page_008.png;conf:medium
21,対策局会議室,内閣府超常現象対策局の会議室（大型モニターと長机のある近代的な会議室）,朝,,阿久津。次シーン。（この阿久津モニターは超常現象対策局のマーク画面）,,,,,現代日本（modern-day Japan）,conte:page_009.png;conf:medium
22,対策局会議室,内閣府超常現象対策局の会議室（大型モニターと長机のある近代的な会議室）,朝,,,,,,,現代日本（modern-day Japan）,conte:page_009.png;conf:low
23,対策局会議室,内閣府超常現象対策局の会議室（大型モニターと長机のある近代的な会議室）,朝,,,,,,,現代日本（modern-day Japan）,conte:page_009.png;conf:low
24,対策局会議室,内閣府超常現象対策局の会議室（大型モニターと長机のある近代的な会議室）,朝,,こちらをじっと見つめるクールな表情の阿久津。T.U.（大村個?）。キリッとかっこいい顔面,,,,,現代日本（modern-day Japan）,conte:page_009.png;conf:medium
25,対策局会議室,内閣府超常現象対策局の会議室（大型モニターと長机のある近代的な会議室）,朝,,会議室の続き。同ト書き。,,,,,現代日本（modern-day Japan）,conte:page_010.png;conf:medium
26,対策局会議室,内閣府超常現象対策局の会議室（大型モニターと長机のある近代的な会議室）,朝,,えっ、と……切り出す佐々木。困惑。,,,,,現代日本（modern-day Japan）,conte:page_010.png;conf:medium
27,対策局会議室,内閣府超常現象対策局の会議室（大型モニターと長机のある近代的な会議室）,朝,,そうだ、と阿久津。淡々と。,,,,,現代日本（modern-day Japan）,conte:page_010.png;conf:medium
28,対策局会議室,内閣府超常現象対策局の会議室（大型モニターと長机のある近代的な会議室）,朝,,二人静。疑いの眼差しで、少し身を引く。 / 佐々木、阿久津を見る,,,,,現代日本（modern-day Japan）,conte:page_010.png;conf:medium
29,対策局会議室,内閣府超常現象対策局の会議室（大型モニターと長机のある近代的な会議室）,朝,,,,,,,現代日本（modern-day Japan）,conte:page_011.png;conf:low
30,対策局会議室,内閣府超常現象対策局の会議室（大型モニターと長机のある近代的な会議室）,朝,,,,,,,現代日本（modern-day Japan）,conte:page_011.png;conf:low
31,対策局会議室,内閣府超常現象対策局の会議室（大型モニターと長机のある近代的な会議室）,朝,,ちょっと待って、二人静。,,,,,現代日本（modern-day Japan）,conte:page_012.png;conf:medium
32,対策局会議室,内閣府超常現象対策局の会議室（大型モニターと長机のある近代的な会議室）,朝,,,,,,,現代日本（modern-day Japan）,conte:page_012.png;conf:low
33,対策局会議室,内閣府超常現象対策局の会議室（大型モニターと長机のある近代的な会議室）,朝,,佐々木／はん目を考える,,,,,現代日本（modern-day Japan）,conte:page_013.png;conf:medium
34,対策局会議室,内閣府超常現象対策局の会議室（大型モニターと長机のある近代的な会議室）,朝,,腕を組んでる阿久津／PAN／伏しつつ阿久津,,,,,現代日本（modern-day Japan）,conte:page_013.png;conf:medium
35,対策局会議室,内閣府超常現象対策局の会議室（大型モニターと長机のある近代的な会議室）,朝,,こ静。ムぬぬ…と。観念して仏にもたれかかる。俯瞰PAN。,,,,,現代日本（modern-day Japan）,conte:page_014.png;conf:medium
36,対策局会議室,内閣府超常現象対策局の会議室（大型モニターと長机のある近代的な会議室）,朝,,阿久津(からしり)。星崎、あ。と手を上げる,,,,,現代日本（modern-day Japan）,conte:page_014.png;conf:medium
37,対策局会議室,内閣府超常現象対策局の会議室（大型モニターと長机のある近代的な会議室）,朝,,,,,,,現代日本（modern-day Japan）,conte:page_014.png;conf:low
38,対策局会議室,内閣府超常現象対策局の会議室（大型モニターと長机のある近代的な会議室）,朝,,阿久津。少しの間の後、答える。顔はしかめずに淡々と対応。PAN UP。去ってゆく。OHまで。,,,,,現代日本（modern-day Japan）,conte:page_015.png;conf:medium
39,対策局会議室,内閣府超常現象対策局の会議室（大型モニターと長机のある近代的な会議室）,朝,,阿久津。出ていった。阿久津のハケを無しにチキンの佐々木ちょっと入れる。二人静。もう1人の星崎。,,,,,現代日本（modern-day Japan）,conte:page_015.png;conf:medium
40,高級料亭,高級料亭（鹿威しのある日本庭園・個室座敷・庭園の池と錦鯉）,夜,,夜。高級料亭の庭の鹿威し。,,,,,現代日本（modern-day Japan）,conte:page_016.png;conf:medium
41,高級料亭,高級料亭（鹿威しのある日本庭園・個室座敷・庭園の池と錦鯉）,夜,,個室。上等な座敷の席についている佐々木、二人静。周囲を見て。→ 普通の様子に(赤字修正),,,,,現代日本（modern-day Japan）,conte:page_016.png;conf:medium
42,高級料亭,高級料亭（鹿威しのある日本庭園・個室座敷・庭園の池と錦鯉）,夜,,,,,,,現代日本（modern-day Japan）,conte:page_016.png;conf:low
43,高級料亭,高級料亭（鹿威しのある日本庭園・個室座敷・庭園の池と錦鯉）,夜,,星崎、モジモジしながら,,,,,現代日本（modern-day Japan）,conte:page_017.png;conf:medium
44,高級料亭,高級料亭（鹿威しのある日本庭園・個室座敷・庭園の池と錦鯉）,夜,,阿久津、クールに。PAN UP,,,,,現代日本（modern-day Japan）,conte:page_017.png;conf:medium
45,高級料亭,高級料亭（鹿威しのある日本庭園・個室座敷・庭園の池と錦鯉）,夜,,,,,,,現代日本（modern-day Japan）,conte:page_017.png;conf:low
46,高級料亭,高級料亭（鹿威しのある日本庭園・個室座敷・庭園の池と錦鯉）,夜,,庭園からカメラ。池の中、ブラブラ泳ぐ錦鯉。,,,,,現代日本（modern-day Japan）,conte:page_018.png;conf:medium
47,高級料亭,高級料亭（鹿威しのある日本庭園・個室座敷・庭園の池と錦鯉）,夜,,庭の池。絹をおさえるように泳ぐ鯉たち。,,,,,現代日本（modern-day Japan）,conte:page_018.png;conf:medium
48,高級料亭,高級料亭（鹿威しのある日本庭園・個室座敷・庭園の池と錦鯉）,夜,,料理に戻って星崎。鰻を口に運ぶ。美味しい～。,,,,,現代日本（modern-day Japan）,conte:page_018.png;conf:medium
49,高級料亭,高級料亭（鹿威しのある日本庭園・個室座敷・庭園の池と錦鯉）,夜,,机の上 豪華な料理 メインの鰻 PAN T.B.,,,,,現代日本（modern-day Japan）,conte:page_019.png;conf:medium
50,高級料亭,高級料亭（鹿威しのある日本庭園・個室座敷・庭園の池と錦鯉）,夜,,鰻を頬張り ご満悦のご一同 奥の佐々木 机の上の鰻を見ながら悔む 阿久津を発見,,,,,現代日本（modern-day Japan）,conte:page_019.png;conf:medium
51,高級料亭,高級料亭（鹿威しのある日本庭園・個室座敷・庭園の池と錦鯉）,夜,,食べてる阿久津へ (ピン送り) / 阿久津。二人静を見て。,,,,,現代日本（modern-day Japan）,conte:page_019.png;conf:medium
52,高級料亭,高級料亭（鹿威しのある日本庭園・個室座敷・庭園の池と錦鯉）,夜,,,,,,,現代日本（modern-day Japan）,conte:page_020.png;conf:low
53,高級料亭,高級料亭（鹿威しのある日本庭園・個室座敷・庭園の池と錦鯉）,夜,,阿久津。クールな表情で。缶酒のようなものを持ちながら。,,,,,現代日本（modern-day Japan）,conte:page_020.png;conf:medium
54,高級料亭,高級料亭（鹿威しのある日本庭園・個室座敷・庭園の池と錦鯉）,夜,,その返答に対し。同。やれやれと答える,,,,,現代日本（modern-day Japan）,conte:page_021.png;conf:medium
55,高級料亭,高級料亭（鹿威しのある日本庭園・個室座敷・庭園の池と錦鯉）,夜,,PAN→。佐々木、食べながら二人の話を聞き。ツッコむ内心か？,,,,,現代日本（modern-day Japan）,conte:page_021.png;conf:medium
56,高級料亭,高級料亭（鹿威しのある日本庭園・個室座敷・庭園の池と錦鯉）,夜,,急に振られ、ハッと顔を上げる佐々木,,,,,現代日本（modern-day Japan）,conte:page_021.png;conf:medium
57,高級料亭,高級料亭（鹿威しのある日本庭園・個室座敷・庭園の池と錦鯉）,夜,,佐々木、微笑み。ふと間を置く,,,,,現代日本（modern-day Japan）,conte:page_022.png;conf:medium
58,高級料亭,高級料亭（鹿威しのある日本庭園・個室座敷・庭園の池と錦鯉）,夜,,,,,,,現代日本（modern-day Japan）,conte:page_022.png;conf:low
59,高級料亭,高級料亭（鹿威しのある日本庭園・個室座敷・庭園の池と錦鯉）,夜,,,,,,,現代日本（modern-day Japan）,conte:page_022.png;conf:low
60,高級料亭,高級料亭（鹿威しのある日本庭園・個室座敷・庭園の池と錦鯉）,夜,,,,,,,現代日本（modern-day Japan）,conte:page_022.png;conf:low
61,高級料亭,高級料亭（鹿威しのある日本庭園・個室座敷・庭園の池と錦鯉）,夜,,佐々木、注ぎながら阿久津に質問する（星崎煮物食べ、二人静はお漬物）。注ぎ終わると。阿久津、自分の分の徳利を持ち、佐々木に注ぐと。佐々木、あっと自分のお猪口を差し出し,,,,,現代日本（modern-day Japan）,conte:page_023.png;conf:medium
62,高級料亭,高級料亭（鹿威しのある日本庭園・個室座敷・庭園の池と錦鯉）,夜,,注ぎながら答える阿久津,,,,,現代日本（modern-day Japan）,conte:page_023.png;conf:medium
63,高級料亭,高級料亭（鹿威しのある日本庭園・個室座敷・庭園の池と錦鯉）,夜,,泣き終わり（out）,,,,,現代日本（modern-day Japan）,conte:page_024.png;conf:medium
64,料亭から移動,料亭の個室〜店外・夜の繁華街の路地裏,夜,,阿久津に対し驚く一同,,,,,現代日本（modern-day Japan）,conte:page_024.png;conf:medium
65,料亭から移動,料亭の個室〜店外・夜の繁華街の路地裏,夜,,一部佐々木の。渡辺と話す阿久津。PAN UP,,,,,現代日本（modern-day Japan）,conte:page_025.png;conf:medium
66,料亭から移動,料亭の個室〜店外・夜の繁華街の路地裏,夜,,暗いの2人。,,,,,現代日本（modern-day Japan）,conte:page_025.png;conf:medium
67,料亭から移動,料亭の個室〜店外・夜の繁華街の路地裏,夜,,佐々木。目パチ。え…?と,,,,,現代日本（modern-day Japan）,conte:page_025.png;conf:medium
68,料亭から移動,料亭の個室〜店外・夜の繁華街の路地裏,夜,,阿久津。いつものクールな表情で。PAN UP,,,,,現代日本（modern-day Japan）,conte:page_026.png;conf:medium
69,料亭から移動,料亭の個室〜店外・夜の繁華街の路地裏,夜,,ここで星崎、申し訳ない気に、少しモジモジして,,,,,現代日本（modern-day Japan）,conte:page_026.png;conf:medium
70,料亭から移動,料亭の個室〜店外・夜の繁華街の路地裏,夜,,やったと星崎。 / 前で顔を見合わせる2人。,,,,,現代日本（modern-day Japan）,conte:page_026.png;conf:medium
71,料亭から移動,料亭の個室〜店外・夜の繁華街の路地裏,夜,,,,,,,現代日本（modern-day Japan）,conte:page_027.png;conf:low
72,料亭から移動,料亭の個室〜店外・夜の繁華街の路地裏,夜,,,,,,,現代日本（modern-day Japan）,conte:page_027.png;conf:low
73,料亭から移動,料亭の個室〜店外・夜の繁華街の路地裏,夜,,,,,,,現代日本（modern-day Japan）,conte:page_027.png;conf:low
74,バー・カラオケ店,バー兼カラオケ店の店内（白いカウンター・ボックス席・ステージと大型スクリーン）,夜,,白カウンター、スライドして、並べられたお酒の Q.PAN,,,,,現代日本（modern-day Japan）,conte:page_028.png;conf:medium
75,バー・カラオケ店,バー兼カラオケ店の店内（白いカウンター・ボックス席・ステージと大型スクリーン）,夜,,,,,,,現代日本（modern-day Japan）,conte:page_028.png;conf:low
76,バー・カラオケ店,バー兼カラオケ店の店内（白いカウンター・ボックス席・ステージと大型スクリーン）,夜,,PAN → ボックス席に座っている一同。星崎のみビール、他3人はウイスキーをかたむけている。カウンターテーブル,,,,,現代日本（modern-day Japan）,conte:page_029.png;conf:medium
77,バー・カラオケ店,バー兼カラオケ店の店内（白いカウンター・ボックス席・ステージと大型スクリーン）,夜,,ウイスキーでちん。阿久津君に二人静グラスを持ち上げてフフフ、ニヤリ,,,,,現代日本（modern-day Japan）,conte:page_029.png;conf:medium
78,バー・カラオケ店,バー兼カラオケ店の店内（白いカウンター・ボックス席・ステージと大型スクリーン）,夜,,,,,,,現代日本（modern-day Japan）,conte:page_029.png;conf:low
79,バー・カラオケ店,バー兼カラオケ店の店内（白いカウンター・ボックス席・ステージと大型スクリーン）,夜,,阿久津、グラスを揺らしながら二人静に微笑む。PAN,,,,,現代日本（modern-day Japan）,conte:page_030.png;conf:medium
80,バー・カラオケ店,バー兼カラオケ店の店内（白いカウンター・ボックス席・ステージと大型スクリーン）,夜,,ぐっと二人静、ウイスキーをのむ阿久津。 / ニヤッと佐々木の方を見て,,,,,現代日本（modern-day Japan）,conte:page_030.png;conf:medium
81,バー・カラオケ店,バー兼カラオケ店の店内（白いカウンター・ボックス席・ステージと大型スクリーン）,夜,,ウイスキーのんでる佐々木,,,,,現代日本（modern-day Japan）,conte:page_031.png;conf:high
82,バー・カラオケ店,バー兼カラオケ店の店内（白いカウンター・ボックス席・ステージと大型スクリーン）,夜,,自分？と / 阿久津、少し良くグラスを揺らしながら,,,,,現代日本（modern-day Japan）,conte:page_031.png;conf:medium
83,バー・カラオケ店,バー兼カラオケ店の店内（白いカウンター・ボックス席・ステージと大型スクリーン）,夜,,その引き ／ 群衆の佐々木とニヤニヤしてる二人静。T.B.126,,,,,現代日本（modern-day Japan）,conte:page_031.png;conf:medium
84,バー・カラオケ店,バー兼カラオケ店の店内（白いカウンター・ボックス席・ステージと大型スクリーン）,夜,,大モブフクと10コを食べ続けている星崎,,,,,現代日本（modern-day Japan）,conte:page_032.png;conf:medium
85,バー・カラオケ店,バー兼カラオケ店の店内（白いカウンター・ボックス席・ステージと大型スクリーン）,夜,,,,,,,現代日本（modern-day Japan）,conte:page_032.png;conf:low
86,バー・カラオケ店,バー兼カラオケ店の店内（白いカウンター・ボックス席・ステージと大型スクリーン）,夜,,,,,,,現代日本（modern-day Japan）,conte:page_032.png;conf:low
87,バー・カラオケ店,バー兼カラオケ店の店内（白いカウンター・ボックス席・ステージと大型スクリーン）,夜,,,,,,,現代日本（modern-day Japan）,conte:page_033.png;conf:low
88,バー・カラオケ店,バー兼カラオケ店の店内（白いカウンター・ボックス席・ステージと大型スクリーン）,夜,,,,,,,現代日本（modern-day Japan）,conte:page_033.png;conf:low
89,バー・カラオケ店,バー兼カラオケ店の店内（白いカウンター・ボックス席・ステージと大型スクリーン）,夜,,PAN,,,,,現代日本（modern-day Japan）,conte:page_034.png;conf:high
90,バー・カラオケ店,バー兼カラオケ店の店内（白いカウンター・ボックス席・ステージと大型スクリーン）,夜,,感じてる 大切なものを この肩に PAN,,,,,現代日本（modern-day Japan）,conte:page_034.png;conf:medium
91,バー・カラオケ店,バー兼カラオケ店の店内（白いカウンター・ボックス席・ステージと大型スクリーン）,夜,,リフレクション 歌う PAN UP,,,,,現代日本（modern-day Japan）,conte:page_034.png;conf:medium
92,バー・カラオケ店,バー兼カラオケ店の店内（白いカウンター・ボックス席・ステージと大型スクリーン）,夜,,仰おろし／歌う,,,,,現代日本（modern-day Japan）,conte:page_035.png;conf:medium
93,バー・カラオケ店,バー兼カラオケ店の店内（白いカウンター・ボックス席・ステージと大型スクリーン）,夜,,カウンターでグラス拭いてるマスター／リズムにのって／PAN,,,,,現代日本（modern-day Japan）,conte:page_035.png;conf:medium
94,バー・カラオケ店,バー兼カラオケ店の店内（白いカウンター・ボックス席・ステージと大型スクリーン）,夜,,歌う つ人静 リフレイン PAN UP,,,,,現代日本（modern-day Japan）,conte:page_036.png;conf:medium
95,バー・カラオケ店,バー兼カラオケ店の店内（白いカウンター・ボックス席・ステージと大型スクリーン）,夜,,存在SU 歌う つ人静のDア リフレイン,,,,,現代日本（modern-day Japan）,conte:page_036.png;conf:medium
96,バー・カラオケ店,バー兼カラオケ店の店内（白いカウンター・ボックス席・ステージと大型スクリーン）,夜,,Dア リフレイン,,,,,現代日本（modern-day Japan）,conte:page_036.png;conf:medium
97,バー・カラオケ店,バー兼カラオケ店の店内（白いカウンター・ボックス席・ステージと大型スクリーン）,夜,,T.B. 引き,,,,,現代日本（modern-day Japan）,conte:page_037.png;conf:medium
98,バー・カラオケ店,バー兼カラオケ店の店内（白いカウンター・ボックス席・ステージと大型スクリーン）,夜,,,,,,,現代日本（modern-day Japan）,conte:page_037.png;conf:low
99,バー・カラオケ店,バー兼カラオケ店の店内（白いカウンター・ボックス席・ステージと大型スクリーン）,夜,,,,,,,現代日本（modern-day Japan）,conte:page_037.png;conf:low
100,バー・カラオケ店,バー兼カラオケ店の店内（白いカウンター・ボックス席・ステージと大型スクリーン）,夜,,ステージ上、こちらの車内点灯。商品券の入った封筒を差し出しているマスター。（次コマ続き）マスターを受けとり）,,,,,現代日本（modern-day Japan）,conte:page_038.png;conf:medium
101,バー・カラオケ店,バー兼カラオケ店の店内（白いカウンター・ボックス席・ステージと大型スクリーン）,夜,,モニターに97点台の二人静を映す。その前にいるマスターと二人静。店内の広々スペースに商品券を見せつける。,,,,,現代日本（modern-day Japan）,conte:page_038.png;conf:medium
102,バー・カラオケ店,バー兼カラオケ店の店内（白いカウンター・ボックス席・ステージと大型スクリーン）,夜,,,,,,,現代日本（modern-day Japan）,conte:page_038.png;conf:low
103,バー・カラオケ店,バー兼カラオケ店の店内（白いカウンター・ボックス席・ステージと大型スクリーン）,夜,,,,,,,現代日本（modern-day Japan）,conte:page_039.png;conf:low
104,バー・カラオケ店,バー兼カラオケ店の店内（白いカウンター・ボックス席・ステージと大型スクリーン）,夜,,ステージ上、照れつつも頑張って歌う星崎 / PAN UP,,,,,現代日本（modern-day Japan）,conte:page_039.png;conf:medium
105,バー・カラオケ店,バー兼カラオケ店の店内（白いカウンター・ボックス席・ステージと大型スクリーン）,夜,,姉、手拍子してる3人。二人静立ちよって ノリノリ,,,,,現代日本（modern-day Japan）,conte:page_040.png;conf:medium
106,バー・カラオケ店,バー兼カラオケ店の店内（白いカウンター・ボックス席・ステージと大型スクリーン）,夜,,,,,,,現代日本（modern-day Japan）,conte:page_040.png;conf:low
107,バー・カラオケ店,バー兼カラオケ店の店内（白いカウンター・ボックス席・ステージと大型スクリーン）,夜,,PANに合せて 前のライト大きく 動かして下… PAN T.B.,,,,,現代日本（modern-day Japan）,conte:page_040.png;conf:medium
108,バー・カラオケ店,バー兼カラオケ店の店内（白いカウンター・ボックス席・ステージと大型スクリーン）,夜,,魂)（PAN UP）,,,,,現代日本（modern-day Japan）,conte:page_041.png;conf:medium
109,バー・カラオケ店,バー兼カラオケ店の店内（白いカウンター・ボックス席・ステージと大型スクリーン）,夜,,,,,,,現代日本（modern-day Japan）,conte:page_041.png;conf:low
110,バー・カラオケ店,バー兼カラオケ店の店内（白いカウンター・ボックス席・ステージと大型スクリーン）,夜,,,,,,,現代日本（modern-day Japan）,conte:page_041.png;conf:low
111,バー・カラオケ店,バー兼カラオケ店の店内（白いカウンター・ボックス席・ステージと大型スクリーン）,夜,,ファースト／目所,,,,,現代日本（modern-day Japan）,conte:page_042.png;conf:medium
112,バー・カラオケ店,バー兼カラオケ店の店内（白いカウンター・ボックス席・ステージと大型スクリーン）,夜,,歌う／PAN UP,,,,,現代日本（modern-day Japan）,conte:page_042.png;conf:medium
113,バー・カラオケ店,バー兼カラオケ店の店内（白いカウンター・ボックス席・ステージと大型スクリーン）,夜,,スクリーンの歌詞,,,,,現代日本（modern-day Japan）,conte:page_042.png;conf:medium
114,バー・カラオケ店,バー兼カラオケ店の店内（白いカウンター・ボックス席・ステージと大型スクリーン）,夜,,見開.,,,,,現代日本（modern-day Japan）,conte:page_042.png;conf:medium
115,バー・カラオケ店,バー兼カラオケ店の店内（白いカウンター・ボックス席・ステージと大型スクリーン）,夜,,,,,,,現代日本（modern-day Japan）,conte:page_043.png;conf:low
116,バー・カラオケ店,バー兼カラオケ店の店内（白いカウンター・ボックス席・ステージと大型スクリーン）,夜,,,,,,,現代日本（modern-day Japan）,conte:page_043.png;conf:low
117,バー・カラオケ店,バー兼カラオケ店の店内（白いカウンター・ボックス席・ステージと大型スクリーン）,夜,,,,,,,現代日本（modern-day Japan）,conte:page_043.png;conf:low
118,バー・カラオケ店,バー兼カラオケ店の店内（白いカウンター・ボックス席・ステージと大型スクリーン）,夜,,,,,,,現代日本（modern-day Japan）,conte:page_043.png;conf:low
119,バー・カラオケ店,バー兼カラオケ店の店内（白いカウンター・ボックス席・ステージと大型スクリーン）,夜,,店内の看板,,,,,現代日本（modern-day Japan）,conte:page_044.png;conf:medium
120,バー・カラオケ店,バー兼カラオケ店の店内（白いカウンター・ボックス席・ステージと大型スクリーン）,夜,,,,,,,現代日本（modern-day Japan）,conte:page_044.png;conf:low
121,バー・カラオケ店,バー兼カラオケ店の店内（白いカウンター・ボックス席・ステージと大型スクリーン）,夜,,,,,,,現代日本（modern-day Japan）,conte:page_044.png;conf:low
122,バー・カラオケ店,バー兼カラオケ店の店内（白いカウンター・ボックス席・ステージと大型スクリーン）,夜,,,,,,,現代日本（modern-day Japan）,conte:page_044.png;conf:low
123,バー・カラオケ店,バー兼カラオケ店の店内（白いカウンター・ボックス席・ステージと大型スクリーン）,夜,,,,,,,現代日本（modern-day Japan）,conte:page_045.png;conf:low
124,バー・カラオケ店,バー兼カラオケ店の店内（白いカウンター・ボックス席・ステージと大型スクリーン）,夜,,PAN 初夏、すいな眠差し,,,,,現代日本（modern-day Japan）,conte:page_045.png;conf:medium
125,バー・カラオケ店,バー兼カラオケ店の店内（白いカウンター・ボックス席・ステージと大型スクリーン）,夜,,スポットライト 数珠つなぎでパッパッと フレ. PAN→,,,,,現代日本（modern-day Japan）,conte:page_046.png;conf:medium
126,バー・カラオケ店,バー兼カラオケ店の店内（白いカウンター・ボックス席・ステージと大型スクリーン）,夜,,照明反射補間 同じく点灯する,,,,,現代日本（modern-day Japan）,conte:page_046.png;conf:medium
127,バー・カラオケ店,バー兼カラオケ店の店内（白いカウンター・ボックス席・ステージと大型スクリーン）,夜,,,,,,,現代日本（modern-day Japan）,conte:page_046.png;conf:low
128,バー・カラオケ店,バー兼カラオケ店の店内（白いカウンター・ボックス席・ステージと大型スクリーン）,夜,,顔のみへ／ヘッドセットが見える。PAN,,,,,現代日本（modern-day Japan）,conte:page_047.png;conf:medium
129,バー・カラオケ店,バー兼カラオケ店の店内（白いカウンター・ボックス席・ステージと大型スクリーン）,夜,,ギターと手／スッと／マイクを上げる,,,,,現代日本（modern-day Japan）,conte:page_047.png;conf:medium
130,バー・カラオケ店,バー兼カラオケ店の店内（白いカウンター・ボックス席・ステージと大型スクリーン）,夜,,ここから ステージ 明るく。ライブ会場,,,,,現代日本（modern-day Japan）,conte:page_047.png;conf:medium
131,バー・カラオケ店,バー兼カラオケ店の店内（白いカウンター・ボックス席・ステージと大型スクリーン）,夜,,PAN 歌う限津(観客),,,,,現代日本（modern-day Japan）,conte:page_048.png;conf:medium
132,バー・カラオケ店,バー兼カラオケ店の店内（白いカウンター・ボックス席・ステージと大型スクリーン）,夜,,,,,,,現代日本（modern-day Japan）,conte:page_048.png;conf:low
133,バー・カラオケ店,バー兼カラオケ店の店内（白いカウンター・ボックス席・ステージと大型スクリーン）,夜,,,,,,,現代日本（modern-day Japan）,conte:page_048.png;conf:low
134,バー・カラオケ店,バー兼カラオケ店の店内（白いカウンター・ボックス席・ステージと大型スクリーン）,夜,,T.U. グラスを持つ手が震える 一気飲む,,,,,現代日本（modern-day Japan）,conte:page_049.png;conf:medium
135,バー・カラオケ店,バー兼カラオケ店の店内（白いカウンター・ボックス席・ステージと大型スクリーン）,夜,,,,,,,現代日本（modern-day Japan）,conte:page_049.png;conf:low
136,バー・カラオケ店,バー兼カラオケ店の店内（白いカウンター・ボックス席・ステージと大型スクリーン）,夜,,PAN T.B. 星崎(?),,,,,現代日本（modern-day Japan）,conte:page_049.png;conf:medium
137,バー・カラオケ店,バー兼カラオケ店の店内（白いカウンター・ボックス席・ステージと大型スクリーン）,夜,,アップ 手 カッコイイ (左手カッコつけ) 半 QPAN,,,,,現代日本（modern-day Japan）,conte:page_050.png;conf:medium
138,バー・カラオケ店,バー兼カラオケ店の店内（白いカウンター・ボックス席・ステージと大型スクリーン）,夜,,TB 阿久津の背 コーラス(指示),,,,,現代日本（modern-day Japan）,conte:page_050.png;conf:medium
139,バー・カラオケ店,バー兼カラオケ店の店内（白いカウンター・ボックス席・ステージと大型スクリーン）,夜,,グラス拭いてるマスター 拭き終わり かけてる キラリと光るグラス,,,,,現代日本（modern-day Japan）,conte:page_050.png;conf:medium
140,バー・カラオケ店,バー兼カラオケ店の店内（白いカウンター・ボックス席・ステージと大型スクリーン）,夜,,PON ウデトロシ,,,,,現代日本（modern-day Japan）,conte:page_051.png;conf:medium
141,バー・カラオケ店,バー兼カラオケ店の店内（白いカウンター・ボックス席・ステージと大型スクリーン）,夜,,PAN R,,,,,現代日本（modern-day Japan）,conte:page_051.png;conf:medium
142,バー・カラオケ店,バー兼カラオケ店の店内（白いカウンター・ボックス席・ステージと大型スクリーン）,夜,,,,,,,現代日本（modern-day Japan）,conte:page_051.png;conf:low
143,バー・カラオケ店,バー兼カラオケ店の店内（白いカウンター・ボックス席・ステージと大型スクリーン）,夜,,,,,,,現代日本（modern-day Japan）,conte:page_052.png;conf:medium
144,バー・カラオケ店,バー兼カラオケ店の店内（白いカウンター・ボックス席・ステージと大型スクリーン）,夜,,バッと暗転。,,,,,現代日本（modern-day Japan）,conte:page_052.png;conf:medium
145,バー・カラオケ店,バー兼カラオケ店の店内（白いカウンター・ボックス席・ステージと大型スクリーン）,夜,,,,,,,現代日本（modern-day Japan）,conte:page_052.png;conf:low
146,バー・カラオケ店,バー兼カラオケ店の店内（白いカウンター・ボックス席・ステージと大型スクリーン）,夜,,席に戻ってきた阿久津／座り。／と、不本(意?)の着信音が鳴り）／阿久津 ポケットに手を入れ、／出る,,,,,現代日本（modern-day Japan）,conte:page_053.png;conf:medium
147,バー・カラオケ店,バー兼カラオケ店の店内（白いカウンター・ボックス席・ステージと大型スクリーン）,夜,,その場で議論に出る阿久津を見る佐々木,,,,,現代日本（modern-day Japan）,conte:page_054.png;conf:medium
148,バー・カラオケ店,バー兼カラオケ店の店内（白いカウンター・ボックス席・ステージと大型スクリーン）,夜,,,,,,,現代日本（modern-day Japan）,conte:page_054.png;conf:low
149,バー・カラオケ店,バー兼カラオケ店の店内（白いカウンター・ボックス席・ステージと大型スクリーン）,夜,,スマホで見る／佐々木、阿久津に問う,,,,,現代日本（modern-day Japan）,conte:page_054.png;conf:medium
150,バー・カラオケ店,バー兼カラオケ店の店内（白いカウンター・ボックス席・ステージと大型スクリーン）,夜,,,,,,,現代日本（modern-day Japan）,conte:page_054.png;conf:low
151,バー・カラオケ店,バー兼カラオケ店の店内（白いカウンター・ボックス席・ステージと大型スクリーン）,夜,,二人静 怪しんで,,,,,現代日本（modern-day Japan）,conte:page_055.png;conf:medium
152,バー・カラオケ店,バー兼カラオケ店の店内（白いカウンター・ボックス席・ステージと大型スクリーン）,夜,,,,,,,現代日本（modern-day Japan）,conte:page_055.png;conf:low
153,バー・カラオケ店,バー兼カラオケ店の店内（白いカウンター・ボックス席・ステージと大型スクリーン）,夜,,佐々木と星崎,,,,,現代日本（modern-day Japan）,conte:page_055.png;conf:medium
154,バー・カラオケ店,バー兼カラオケ店の店内（白いカウンター・ボックス席・ステージと大型スクリーン）,夜,,二人静 なるべく…と,,,,,現代日本（modern-day Japan）,conte:page_055.png;conf:medium
155,バー・カラオケ店,バー兼カラオケ店の店内（白いカウンター・ボックス席・ステージと大型スクリーン）,夜,,阿久津 強く伏せる／PAN UP,,,,,現代日本（modern-day Japan）,conte:page_056.png;conf:medium
156,バー・カラオケ店,バー兼カラオケ店の店内（白いカウンター・ボックス席・ステージと大型スクリーン）,夜,,星崎 緊迫 あてるあてる,,,,,現代日本（modern-day Japan）,conte:page_056.png;conf:medium
157,バー・カラオケ店,バー兼カラオケ店の店内（白いカウンター・ボックス席・ステージと大型スクリーン）,夜,,,,,,,現代日本（modern-day Japan）,conte:page_056.png;conf:low
158,バー・カラオケ店,バー兼カラオケ店の店内（白いカウンター・ボックス席・ステージと大型スクリーン）,夜,,PAN／爆炎の中 ギロリとにらむ クラーケンの目,,,,,現代日本（modern-day Japan）,conte:page_056.png;conf:medium
159,バー・カラオケ店,バー兼カラオケ店の店内（白いカウンター・ボックス席・ステージと大型スクリーン）,夜,,第2現実。呼び出しが来る。佐々木、阿久津に,,,,,現代日本（modern-day Japan）,conte:page_057.png;conf:medium
160,バー・カラオケ店,バー兼カラオケ店の店内（白いカウンター・ボックス席・ステージと大型スクリーン）,夜,,,,,,,現代日本（modern-day Japan）,conte:page_057.png;conf:low
161,バー・カラオケ店,バー兼カラオケ店の店内（白いカウンター・ボックス席・ステージと大型スクリーン）,夜,,バーカウンターにT.U.／マスターの姿はなし,,,,,現代日本（modern-day Japan）,conte:page_058.png;conf:medium
162,バー・カラオケ店,バー兼カラオケ店の店内（白いカウンター・ボックス席・ステージと大型スクリーン）,夜,,店内には佐々木たちのみ,,,,,現代日本（modern-day Japan）,conte:page_058.png;conf:medium
163,バー・カラオケ店,バー兼カラオケ店の店内（白いカウンター・ボックス席・ステージと大型スクリーン）,夜,,,,,,,現代日本（modern-day Japan）,conte:page_058.png;conf:low
164,バー・カラオケ店,バー兼カラオケ店の店内（白いカウンター・ボックス席・ステージと大型スクリーン）,夜,,その周り／ドアノブにかかっているCLOSEDの札,,,,,現代日本（modern-day Japan）,conte:page_058.png;conf:medium
165,バー・カラオケ店,バー兼カラオケ店の店内（白いカウンター・ボックス席・ステージと大型スクリーン）,夜,,,,,,,現代日本（modern-day Japan）,conte:page_058.png;conf:low
166,バー・カラオケ店,バー兼カラオケ店の店内（白いカウンター・ボックス席・ステージと大型スクリーン）,夜,,阿久津の 鋭い目にPAN,,,,,現代日本（modern-day Japan）,conte:page_059.png;conf:high
167,バー・カラオケ店,バー兼カラオケ店の店内（白いカウンター・ボックス席・ステージと大型スクリーン）,夜,,沈黙の一同,,,,,現代日本（modern-day Japan）,conte:page_059.png;conf:high
168,バー・カラオケ店,バー兼カラオケ店の店内（白いカウンター・ボックス席・ステージと大型スクリーン）,夜,,阿久津。PAN UP,,,,,現代日本（modern-day Japan）,conte:page_060.png;conf:medium
169,バー・カラオケ店,バー兼カラオケ店の店内（白いカウンター・ボックス席・ステージと大型スクリーン）,夜,,佐々木。グィーッと呷るのむ,,,,,現代日本（modern-day Japan）,conte:page_060.png;conf:medium
170,バー・カラオケ店,バー兼カラオケ店の店内（白いカウンター・ボックス席・ステージと大型スクリーン）,夜,,二人静 スタートここから。飲み切ったグラスを机にかき(サッサのイキ サッ),,,,,現代日本（modern-day Japan）,conte:page_060.png;conf:medium
171,バー・カラオケ店,バー兼カラオケ店の店内（白いカウンター・ボックス席・ステージと大型スクリーン）,夜,,立ち上る。PAN T.B.,,,,,現代日本（modern-day Japan）,conte:page_061.png;conf:medium
172,バー・カラオケ店,バー兼カラオケ店の店内（白いカウンター・ボックス席・ステージと大型スクリーン）,夜,,間髪入れずに喋る阿久津,,,,,現代日本（modern-day Japan）,conte:page_061.png;conf:medium
173,バー・カラオケ店,バー兼カラオケ店の店内（白いカウンター・ボックス席・ステージと大型スクリーン）,夜,,耳を塞いで首を振る二人静。月ぷ。,,,,,現代日本（modern-day Japan）,conte:page_061.png;conf:medium
174,バー・カラオケ店,バー兼カラオケ店の店内（白いカウンター・ボックス席・ステージと大型スクリーン）,夜,,,,,,,現代日本（modern-day Japan）,conte:page_061.png;conf:low
175,バー・カラオケ店,バー兼カラオケ店の店内（白いカウンター・ボックス席・ステージと大型スクリーン）,夜,,いきなり佐々木さん!!とする佐々木,,,,,現代日本（modern-day Japan）,conte:page_062.png;conf:medium
176,バー・カラオケ店,バー兼カラオケ店の店内（白いカウンター・ボックス席・ステージと大型スクリーン）,夜,,,,,,,現代日本（modern-day Japan）,conte:page_062.png;conf:low
177,バー・カラオケ店,バー兼カラオケ店の店内（白いカウンター・ボックス席・ステージと大型スクリーン）,夜,,,,,,,現代日本（modern-day Japan）,conte:page_062.png;conf:low
178,バー・カラオケ店,バー兼カラオケ店の店内（白いカウンター・ボックス席・ステージと大型スクリーン）,夜,,同ポ 星崎,,,,,現代日本（modern-day Japan）,conte:page_063.png;conf:medium
179,バー・カラオケ店,バー兼カラオケ店の店内（白いカウンター・ボックス席・ステージと大型スクリーン）,夜,,,,,,,現代日本（modern-day Japan）,conte:page_063.png;conf:low
180,バー・カラオケ店,バー兼カラオケ店の店内（白いカウンター・ボックス席・ステージと大型スクリーン）,夜,,,,,,,現代日本（modern-day Japan）,conte:page_063.png;conf:low
181,バー・カラオケ店,バー兼カラオケ店の店内（白いカウンター・ボックス席・ステージと大型スクリーン）,夜,,,,,,,現代日本（modern-day Japan）,conte:page_063.png;conf:low
182,バー・カラオケ店,バー兼カラオケ店の店内（白いカウンター・ボックス席・ステージと大型スクリーン）,夜,,思案する佐々木 PAN↓ / 顔UP,,,,,現代日本（modern-day Japan）,conte:page_064.png;conf:medium
183,バー・カラオケ店,バー兼カラオケ店の店内（白いカウンター・ボックス席・ステージと大型スクリーン）,夜,,阿久津 PAN UP,,,,,現代日本（modern-day Japan）,conte:page_064.png;conf:medium
184,バー・カラオケ店,バー兼カラオケ店の店内（白いカウンター・ボックス席・ステージと大型スクリーン）,夜,,,,,,,現代日本（modern-day Japan）,conte:page_065.png;conf:medium
185,バー・カラオケ店,バー兼カラオケ店の店内（白いカウンター・ボックス席・ステージと大型スクリーン）,夜,,阿久津,,,,,現代日本（modern-day Japan）,conte:page_065.png;conf:medium
186,バー・カラオケ店,バー兼カラオケ店の店内（白いカウンター・ボックス席・ステージと大型スクリーン）,夜,,,,,,,現代日本（modern-day Japan）,conte:page_065.png;conf:low
187,バー・カラオケ店,バー兼カラオケ店の店内（白いカウンター・ボックス席・ステージと大型スクリーン）,夜,,二人静 / 阿久津 / やれやれと嘆息（ため息）,,,,,現代日本（modern-day Japan）,conte:page_065.png;conf:medium
188,バー・カラオケ店,バー兼カラオケ店の店内（白いカウンター・ボックス席・ステージと大型スクリーン）,夜,,佐々木,,,,,現代日本（modern-day Japan）,conte:page_066.png;conf:medium
189,バー・カラオケ店,バー兼カラオケ店の店内（白いカウンター・ボックス席・ステージと大型スクリーン）,夜,,机の上のグラス。氷が溶けて音がする,,,,,現代日本（modern-day Japan）,conte:page_066.png;conf:medium
190,タクシー移動,店前の通り・タクシー車内・食堂,夜,,,,,,,現代日本（modern-day Japan）,conte:page_066.png;conf:low
191,タクシー移動,店前の通り・タクシー車内・食堂,夜,,車内／二人静,,,,,現代日本（modern-day Japan）,conte:page_067.png;conf:medium
192,タクシー移動,店前の通り・タクシー車内・食堂,夜,,二人は窓の外を見ながら疲れた様子。BG T.B.,,,,,現代日本（modern-day Japan）,conte:page_067.png;conf:medium
193,タクシー移動,店前の通り・タクシー車内・食堂,夜,,佐々木。→Follow,,,,,現代日本（modern-day Japan）,conte:page_067.png;conf:medium
194,タクシー移動,店前の通り・タクシー車内・食堂,夜,,食堂／FIX(3+12)／PAN DOWN(4to)／佐々木のアパート チャイムの音がする。,,,,,現代日本（modern-day Japan）,conte:page_067.png;conf:medium
195,お隣さんのアパート,集合住宅の一室（部屋・リビング・廊下・玄関）,夜,,お隣さんの部屋。目をつぶっていたお隣さん、ねむい音で起きる。,,,,,現代日本（modern-day Japan）,conte:page_068.png;conf:medium
196,お隣さんのアパート,集合住宅の一室（部屋・リビング・廊下・玄関）,夜,,,,,,,現代日本（modern-day Japan）,conte:page_068.png;conf:low
197,お隣さんのアパート,集合住宅の一室（部屋・リビング・廊下・玄関）,夜,,,,,,,現代日本（modern-day Japan）,conte:page_068.png;conf:low
198,お隣さんのアパート,集合住宅の一室（部屋・リビング・廊下・玄関）,夜,,大きめの箱を持っている彼氏。PAN UP,,,,,現代日本（modern-day Japan）,conte:page_069.png;conf:medium
199,お隣さんのアパート,集合住宅の一室（部屋・リビング・廊下・玄関）,夜,,,,,,,現代日本（modern-day Japan）,conte:page_069.png;conf:low
200,お隣さんのアパート,集合住宅の一室（部屋・リビング・廊下・玄関）,夜,,,,,,,現代日本（modern-day Japan）,conte:page_069.png;conf:low
201,お隣さんのアパート,集合住宅の一室（部屋・リビング・廊下・玄関）,夜,,目開き、母、大きな箱を見て,,,,,現代日本（modern-day Japan）,conte:page_070.png;conf:medium
202,お隣さんのアパート,集合住宅の一室（部屋・リビング・廊下・玄関）,夜,,彼氏、ニヤけて答える／PAN DOWN,,,,,現代日本（modern-day Japan）,conte:page_070.png;conf:medium
203,お隣さんのアパート,集合住宅の一室（部屋・リビング・廊下・玄関）,夜,,顔UP／それを聞いてハッとするお隣さん,,,,,現代日本（modern-day Japan）,conte:page_071.png;conf:medium
204,お隣さんのアパート,集合住宅の一室（部屋・リビング・廊下・玄関）,夜,,,,,,,現代日本（modern-day Japan）,conte:page_071.png;conf:low
205,お隣さんのアパート,集合住宅の一室（部屋・リビング・廊下・玄関）,夜,,,,,,,現代日本（modern-day Japan）,conte:page_071.png;conf:low
206,お隣さんのアパート,集合住宅の一室（部屋・リビング・廊下・玄関）,夜,,ネットニュースから加藤さんへ(ピント送り),,,,,現代日本（modern-day Japan）,conte:page_072.png;conf:medium
207,お隣さんのアパート,集合住宅の一室（部屋・リビング・廊下・玄関）,夜,,違和感を覚える,,,,,現代日本（modern-day Japan）,conte:page_072.png;conf:medium
208,お隣さんのアパート,集合住宅の一室（部屋・リビング・廊下・玄関）,夜,,,,,,,現代日本（modern-day Japan）,conte:page_072.png;conf:low
209,お隣さんのアパート,集合住宅の一室（部屋・リビング・廊下・玄関）,夜,,,,,,,現代日本（modern-day Japan）,conte:page_072.png;conf:low
210,お隣さんのアパート,集合住宅の一室（部屋・リビング・廊下・玄関）,夜,,イメージカット。彼女、睡眠レス。,,,,,現代日本（modern-day Japan）,conte:page_073.png;conf:medium
211,お隣さんのアパート,集合住宅の一室（部屋・リビング・廊下・玄関）,夜,,プレゼントに近づく手。,,,,,現代日本（modern-day Japan）,conte:page_073.png;conf:medium
212,お隣さんのアパート,集合住宅の一室（部屋・リビング・廊下・玄関）,夜,,,,,,,現代日本（modern-day Japan）,conte:page_073.png;conf:low
213,お隣さんのアパート,集合住宅の一室（部屋・リビング・廊下・玄関）,夜,,,,,,,現代日本（modern-day Japan）,conte:page_073.png;conf:low
214,隔離空間・夜の住宅街,隔離空間が発生した夜の住宅街（ベランダ・路地・燃え上がるアパート・電柱）,夜,,,,,,,現代日本（modern-day Japan）,conte:page_074.png;conf:low
215,隔離空間・夜の住宅街,隔離空間が発生した夜の住宅街（ベランダ・路地・燃え上がるアパート・電柱）,夜,,,,,,,現代日本（modern-day Japan）,conte:page_074.png;conf:low
216,隔離空間・夜の住宅街,隔離空間が発生した夜の住宅街（ベランダ・路地・燃え上がるアパート・電柱）,夜,,,,,,,現代日本（modern-day Japan）,conte:page_075.png;conf:low
217,隔離空間・夜の住宅街,隔離空間が発生した夜の住宅街（ベランダ・路地・燃え上がるアパート・電柱）,夜,,,,,,,現代日本（modern-day Japan）,conte:page_075.png;conf:low
218,隔離空間・夜の住宅街,隔離空間が発生した夜の住宅街（ベランダ・路地・燃え上がるアパート・電柱）,夜,,セキ 手すりに肩を付けて 転びこえそうになる 佐々木。 PAN UP,,,,,現代日本（modern-day Japan）,conte:page_076.png;conf:medium
219,隔離空間・夜の住宅街,隔離空間が発生した夜の住宅街（ベランダ・路地・燃え上がるアパート・電柱）,夜,,ネオン近く。停車しているタクシーおりて降りる 佐々木たち。,,,,,現代日本（modern-day Japan）,conte:page_076.png;conf:medium
220,隔離空間・夜の住宅街,隔離空間が発生した夜の住宅街（ベランダ・路地・燃え上がるアパート・電柱）,夜,,,,,,,現代日本（modern-day Japan）,conte:page_077.png;conf:low
221,隔離空間・夜の住宅街,隔離空間が発生した夜の住宅街（ベランダ・路地・燃え上がるアパート・電柱）,夜,,,,,,,現代日本（modern-day Japan）,conte:page_077.png;conf:low
222,隔離空間・夜の住宅街,隔離空間が発生した夜の住宅街（ベランダ・路地・燃え上がるアパート・電柱）,夜,,,,,,,現代日本（modern-day Japan）,conte:page_077.png;conf:low
223,隔離空間・夜の住宅街,隔離空間が発生した夜の住宅街（ベランダ・路地・燃え上がるアパート・電柱）,夜,,スロー／ハンディブレ／ベランダから／飛ぶ、お隣さん／PAN A,,,,,現代日本（modern-day Japan）,conte:page_078.png;conf:medium
224,隔離空間・夜の住宅街,隔離空間が発生した夜の住宅街（ベランダ・路地・燃え上がるアパート・電柱）,夜,,,,,,,現代日本（modern-day Japan）,conte:page_078.png;conf:low
225,隔離空間・夜の住宅街,隔離空間が発生した夜の住宅街（ベランダ・路地・燃え上がるアパート・電柱）,夜,,間もなくす／爆発が走せる,,,,,現代日本（modern-day Japan）,conte:page_078.png;conf:medium
226,隔離空間・夜の住宅街,隔離空間が発生した夜の住宅街（ベランダ・路地・燃え上がるアパート・電柱）,夜,,立ちビキリ 佐々木ニ将!?,,,,,現代日本（modern-day Japan）,conte:page_079.png;conf:medium
227,隔離空間・夜の住宅街,隔離空間が発生した夜の住宅街（ベランダ・路地・燃え上がるアパート・電柱）,夜,,3ショット入口側。火の手が上がり倒壊しつつある3ショット。□ T.V.映像,,,,,現代日本（modern-day Japan）,conte:page_079.png;conf:medium
228,隔離空間・夜の住宅街,隔離空間が発生した夜の住宅街（ベランダ・路地・燃え上がるアパート・電柱）,夜,,,,,,,現代日本（modern-day Japan）,conte:page_079.png;conf:low
229,隔離空間・夜の住宅街,隔離空間が発生した夜の住宅街（ベランダ・路地・燃え上がるアパート・電柱）,夜,,,,,,,現代日本（modern-day Japan）,conte:page_080.png;conf:low
230,隔離空間・夜の住宅街,隔離空間が発生した夜の住宅街（ベランダ・路地・燃え上がるアパート・電柱）,夜,,,,,,,現代日本（modern-day Japan）,conte:page_081.png;conf:low
231,隔離空間・夜の住宅街,隔離空間が発生した夜の住宅街（ベランダ・路地・燃え上がるアパート・電柱）,夜,,,,,,,現代日本（modern-day Japan）,conte:page_081.png;conf:low
232,隔離空間・夜の住宅街,隔離空間が発生した夜の住宅街（ベランダ・路地・燃え上がるアパート・電柱）,夜,,母のことなど眼中になし。佐々木の避難所を見つめているお隣さん。PAN UP,,,,,現代日本（modern-day Japan）,conte:page_082.png;conf:medium
233,隔離空間・夜の住宅街,隔離空間が発生した夜の住宅街（ベランダ・路地・燃え上がるアパート・電柱）,夜,,,,,,,現代日本（modern-day Japan）,conte:page_082.png;conf:low
234,隔離空間・夜の住宅街,隔離空間が発生した夜の住宅街（ベランダ・路地・燃え上がるアパート・電柱）,夜,,,,,,,現代日本（modern-day Japan）,conte:page_082.png;conf:low
235,隔離空間・夜の住宅街,隔離空間が発生した夜の住宅街（ベランダ・路地・燃え上がるアパート・電柱）,夜,,,,,,,現代日本（modern-day Japan）,conte:page_083.png;conf:low
236,隔離空間・夜の住宅街,隔離空間が発生した夜の住宅街（ベランダ・路地・燃え上がるアパート・電柱）,夜,,,,,,,現代日本（modern-day Japan）,conte:page_083.png;conf:low
237,隔離空間・夜の住宅街,隔離空間が発生した夜の住宅街（ベランダ・路地・燃え上がるアパート・電柱）,夜,,電柱に隠れてこちらを覗き見た怪しい男(黒帽子に黒ジャンパー)。お隣さんの視界に気付き、走って逃げる。(顔かくして),,,,,現代日本（modern-day Japan）,conte:page_084.png;conf:medium
238,隔離空間・夜の住宅街,隔離空間が発生した夜の住宅街（ベランダ・路地・燃え上がるアパート・電柱）,夜,,,,,,,現代日本（modern-day Japan）,conte:page_084.png;conf:low
239,隔離空間・夜の住宅街,隔離空間が発生した夜の住宅街（ベランダ・路地・燃え上がるアパート・電柱）,夜,,,,,,,現代日本（modern-day Japan）,conte:page_084.png;conf:low
240,隔離空間・夜の住宅街,隔離空間が発生した夜の住宅街（ベランダ・路地・燃え上がるアパート・電柱）,夜,,道の向こうに加瀬さんの家。倒壊しかけている2Fショット。,,,,,現代日本（modern-day Japan）,conte:page_085.png;conf:medium
241,隔離空間・夜の住宅街,隔離空間が発生した夜の住宅街（ベランダ・路地・燃え上がるアパート・電柱）,夜,,ショット面倒。佐々木、あいづち始まる,,,,,現代日本（modern-day Japan）,conte:page_085.png;conf:medium
242,隔離空間・夜の住宅街,隔離空間が発生した夜の住宅街（ベランダ・路地・燃え上がるアパート・電柱）,夜,,,,,,,現代日本（modern-day Japan）,conte:page_085.png;conf:low
243,隔離空間・夜の住宅街,隔離空間が発生した夜の住宅街（ベランダ・路地・燃え上がるアパート・電柱）,夜,,,,,,,現代日本（modern-day Japan）,conte:page_085.png;conf:low
244,隔離空間・夜の住宅街,隔離空間が発生した夜の住宅街（ベランダ・路地・燃え上がるアパート・電柱）,夜,,アパート近くの狭めの道 Follow / Follow Smoke,,,,,現代日本（modern-day Japan）,conte:page_086.png;conf:medium
245,隔離空間・夜の住宅街,隔離空間が発生した夜の住宅街（ベランダ・路地・燃え上がるアパート・電柱）,夜,,,,,,,現代日本（modern-day Japan）,conte:page_086.png;conf:low
246,隔離空間・夜の住宅街,隔離空間が発生した夜の住宅街（ベランダ・路地・燃え上がるアパート・電柱）,夜,,,,,,,現代日本（modern-day Japan）,conte:page_086.png;conf:low
247,隔離空間・夜の住宅街,隔離空間が発生した夜の住宅街（ベランダ・路地・燃え上がるアパート・電柱）,夜,,,,,,,現代日本（modern-day Japan）,conte:page_087.png;conf:low
248,隔離空間・夜の住宅街,隔離空間が発生した夜の住宅街（ベランダ・路地・燃え上がるアパート・電柱）,夜,,,,,,,現代日本（modern-day Japan）,conte:page_087.png;conf:low
249,隔離空間・夜の住宅街,隔離空間が発生した夜の住宅街（ベランダ・路地・燃え上がるアパート・電柱）,夜,,その瞬間、隔離空間が発生する。Q.PAN UP,,,,,現代日本（modern-day Japan）,conte:page_088.png;conf:medium
250,隔離空間・夜の住宅街,隔離空間が発生した夜の住宅街（ベランダ・路地・燃え上がるアパート・電柱）,夜,,,,,,,現代日本（modern-day Japan）,conte:page_088.png;conf:low
251,隔離空間・夜の住宅街,隔離空間が発生した夜の住宅街（ベランダ・路地・燃え上がるアパート・電柱）,夜,,ライトが振り返り、あちらへと(視線を向ける),,,,,現代日本（modern-day Japan）,conte:page_089.png;conf:medium
252,隔離空間・夜の住宅街,隔離空間が発生した夜の住宅街（ベランダ・路地・燃え上がるアパート・電柱）,夜,,,,,,,現代日本（modern-day Japan）,conte:page_089.png;conf:low
253,隔離空間・夜の住宅街,隔離空間が発生した夜の住宅街（ベランダ・路地・燃え上がるアパート・電柱）,夜,,それを受けて 満足に 口角を上げて,,,,,現代日本（modern-day Japan）,conte:page_090.png;conf:medium
254,隔離空間・夜の住宅街,隔離空間が発生した夜の住宅街（ベランダ・路地・燃え上がるアパート・電柱）,夜,,,,,,,現代日本（modern-day Japan）,conte:page_090.png;conf:low
255,隔離空間・夜の住宅街,隔離空間が発生した夜の住宅街（ベランダ・路地・燃え上がるアパート・電柱）,夜,,,,,,,現代日本（modern-day Japan）,conte:page_090.png;conf:low
256,隔離空間・夜の住宅街,隔離空間が発生した夜の住宅街（ベランダ・路地・燃え上がるアパート・電柱）,夜,,,,,,,現代日本（modern-day Japan）,conte:page_091.png;conf:low
257,隔離空間・夜の住宅街,隔離空間が発生した夜の住宅街（ベランダ・路地・燃え上がるアパート・電柱）,夜,,二人静。ぽかんと。,,,,,現代日本（modern-day Japan）,conte:page_091.png;conf:medium
258,夜の街・対峙,夜の市街地（東京タワーの見える夜景・路地・人気のない通り）,夜,,BGに東京タワーが見える。夜景。キレイ。,,,,,現代日本（modern-day Japan）,conte:page_091.png;conf:medium
259,夜の街・対峙,夜の市街地（東京タワーの見える夜景・路地・人気のない通り）,夜,,,,,,,現代日本（modern-day Japan）,conte:page_091.png;conf:low
260,夜の街・対峙,夜の市街地（東京タワーの見える夜景・路地・人気のない通り）,夜,,二人静とお隣を抱っこして飛行がまえで飛んでいる佐々木。T.B.,,,,,現代日本（modern-day Japan）,conte:page_092.png;conf:medium
261,夜の街・対峙,夜の市街地（東京タワーの見える夜景・路地・人気のない通り）,夜,,,,,,,現代日本（modern-day Japan）,conte:page_092.png;conf:low
262,夜の街・対峙,夜の市街地（東京タワーの見える夜景・路地・人気のない通り）,夜,,,,,,,現代日本（modern-day Japan）,conte:page_093.png;conf:low
263,夜の街・対峙,夜の市街地（東京タワーの見える夜景・路地・人気のない通り）,夜,,お隣さんとフレンドリング姿が。お隣さん、驚いて。PAN UP。PAN T.B.,,,,,現代日本（modern-day Japan）,conte:page_093.png;conf:medium
264,夜の街・対峙,夜の市街地（東京タワーの見える夜景・路地・人気のない通り）,夜,,,,,,,現代日本（modern-day Japan）,conte:page_093.png;conf:low
265,夜の街・対峙,夜の市街地（東京タワーの見える夜景・路地・人気のない通り）,夜,,お隣さん、視線を反らす,,,,,現代日本（modern-day Japan）,conte:page_094.png;conf:medium
266,夜の街・対峙,夜の市街地（東京タワーの見える夜景・路地・人気のない通り）,夜,,驚く佐々木。やはり、と二人静,,,,,現代日本（modern-day Japan）,conte:page_094.png;conf:medium
267,夜の街・対峙,夜の市街地（東京タワーの見える夜景・路地・人気のない通り）,夜,,お隣さん、佐々木のセリフに被せて話す,,,,,現代日本（modern-day Japan）,conte:page_094.png;conf:medium
268,夜の街・対峙,夜の市街地（東京タワーの見える夜景・路地・人気のない通り）,夜,,二人をじっとガン見するお隣さん。PAN,,,,,現代日本（modern-day Japan）,conte:page_094.png;conf:medium
269,夜の街・対峙,夜の市街地（東京タワーの見える夜景・路地・人気のない通り）,夜,,お隣さん視点、PAN(L to S)。PAN T.B. お姫様抱っこして観客そっちにみえる2人 / 二人静、あれっと,,,,,現代日本（modern-day Japan）,conte:page_095.png;conf:medium
270,夜の街・対峙,夜の市街地（東京タワーの見える夜景・路地・人気のない通り）,夜,,,,,,,現代日本（modern-day Japan）,conte:page_095.png;conf:low
271,夜の街・対峙,夜の市街地（東京タワーの見える夜景・路地・人気のない通り）,夜,,阿久津さん,,,,,現代日本（modern-day Japan）,conte:page_096.png;conf:high
272,夜の街・対峙,夜の市街地（東京タワーの見える夜景・路地・人気のない通り）,夜,,星崎。それを受けて,,,,,現代日本（modern-day Japan）,conte:page_096.png;conf:medium
273,夜の街・対峙,夜の市街地（東京タワーの見える夜景・路地・人気のない通り）,夜,,,,,,,現代日本（modern-day Japan）,conte:page_096.png;conf:low
274,夜の街・対峙,夜の市街地（東京タワーの見える夜景・路地・人気のない通り）,夜,,,,,,,現代日本（modern-day Japan）,conte:page_096.png;conf:low
275,夜の街・対峙,夜の市街地（東京タワーの見える夜景・路地・人気のない通り）,夜,,佐々木たちは通りを歩く 2人の後ツ,,,,,現代日本（modern-day Japan）,conte:page_097.png;conf:medium
276,夜の街・対峙,夜の市街地（東京タワーの見える夜景・路地・人気のない通り）,夜,,,,,,,現代日本（modern-day Japan）,conte:page_097.png;conf:low
278,夜の街・対峙,夜の市街地（東京タワーの見える夜景・路地・人気のない通り）,夜,,,,,,,現代日本（modern-day Japan）,conte:page_097.png;conf:low
279,夜の街・対峙,夜の市街地（東京タワーの見える夜景・路地・人気のない通り）,夜,,,,,,,現代日本（modern-day Japan）,conte:page_098.png;conf:low
280,夜の街・対峙,夜の市街地（東京タワーの見える夜景・路地・人気のない通り）,夜,,,,,,,現代日本（modern-day Japan）,conte:page_098.png;conf:low
281,夜の街・対峙,夜の市街地（東京タワーの見える夜景・路地・人気のない通り）,夜,,佐々木 恐縮しつつ,,,,,現代日本（modern-day Japan）,conte:page_099.png;conf:medium
282,夜の街・対峙,夜の市街地（東京タワーの見える夜景・路地・人気のない通り）,夜,,,,,,,現代日本（modern-day Japan）,conte:page_099.png;conf:low
283,夜の街・対峙,夜の市街地（東京タワーの見える夜景・路地・人気のない通り）,夜,,細い路地 外灯にむらがる蛾(2匹) PAN UP,,,,,現代日本（modern-day Japan）,conte:page_099.png;conf:medium
284,夜の街・対峙,夜の市街地（東京タワーの見える夜景・路地・人気のない通り）,夜,,人気のない通り。ブツブツぼやきながら歩く 二人静,,,,,現代日本（modern-day Japan）,conte:page_099.png;conf:medium
285,夜の街・対峙,夜の市街地（東京タワーの見える夜景・路地・人気のない通り）,夜,,スーッとその後ろを飛んでついている エリエル,,,,,現代日本（modern-day Japan）,conte:page_100.png;conf:medium
286,夜の街・対峙,夜の市街地（東京タワーの見える夜景・路地・人気のない通り）,夜,,,,,,,現代日本（modern-day Japan）,conte:page_100.png;conf:low
287,夜の街・対峙,夜の市街地（東京タワーの見える夜景・路地・人気のない通り）,夜,,背後のエリエル。無表情で謝る,,,,,現代日本（modern-day Japan）,conte:page_100.png;conf:medium
288,夜の街・対峙,夜の市街地（東京タワーの見える夜景・路地・人気のない通り）,夜,,フカン。二人静とエリエル、カメラへ迫る。,,,,,現代日本（modern-day Japan）,conte:page_100.png;conf:medium
289,夜の街・対峙,夜の市街地（東京タワーの見える夜景・路地・人気のない通り）,夜,,,,,,,現代日本（modern-day Japan）,conte:page_101.png;conf:low
290,夜の街・対峙,夜の市街地（東京タワーの見える夜景・路地・人気のない通り）,夜,,,,,,,現代日本（modern-day Japan）,conte:page_101.png;conf:low
291,夜の街・対峙,夜の市街地（東京タワーの見える夜景・路地・人気のない通り）,夜,,,,,,,現代日本（modern-day Japan）,conte:page_101.png;conf:low
292,夜の街・対峙,夜の市街地（東京タワーの見える夜景・路地・人気のない通り）,夜,,,,,,,現代日本（modern-day Japan）,conte:page_102.png;conf:low
293,夜の街・対峙,夜の市街地（東京タワーの見える夜景・路地・人気のない通り）,夜,,お隣さんを抱えたレイドン。微笑んで。PAN UP。,,,,,現代日本（modern-day Japan）,conte:page_103.png;conf:medium
294,夜の街・対峙,夜の市街地（東京タワーの見える夜景・路地・人気のない通り）,夜,,,,,,,現代日本（modern-day Japan）,conte:page_103.png;conf:low
295,夜の街・対峙,夜の市街地（東京タワーの見える夜景・路地・人気のない通り）,夜,,,,,,,現代日本（modern-day Japan）,conte:page_103.png;conf:low
296,夜の街・対峙,夜の市街地（東京タワーの見える夜景・路地・人気のない通り）,夜,,,,,,,現代日本（modern-day Japan）,conte:page_103.png;conf:low
297,夜の街・対峙,夜の市街地（東京タワーの見える夜景・路地・人気のない通り）,夜,,佐々木を下から見る位体（アングル）。PAN UP,,,,,現代日本（modern-day Japan）,conte:page_104.png;conf:medium
298,夜の街・対峙,夜の市街地（東京タワーの見える夜景・路地・人気のない通り）,夜,,佐々木 あっと思い出し,,,,,現代日本（modern-day Japan）,conte:page_104.png;conf:medium
299,夜の街・対峙,夜の市街地（東京タワーの見える夜景・路地・人気のない通り）,夜,,,,,,,現代日本（modern-day Japan）,conte:page_104.png;conf:medium
300,夜の街・対峙,夜の市街地（東京タワーの見える夜景・路地・人気のない通り）,夜,,,,,,,現代日本（modern-day Japan）,conte:page_104.png;conf:low
301,夜の街・対峙,夜の市街地（東京タワーの見える夜景・路地・人気のない通り）,夜,,星崎 キリッて座る,,,,,現代日本（modern-day Japan）,conte:page_105.png;conf:medium
302,夜の街・対峙,夜の市街地（東京タワーの見える夜景・路地・人気のない通り）,夜,,佐々木,,,,,現代日本（modern-day Japan）,conte:page_105.png;conf:medium
303,夜の街・対峙,夜の市街地（東京タワーの見える夜景・路地・人気のない通り）,夜,,,,,,,現代日本（modern-day Japan）,conte:page_105.png;conf:low
304,夜の街・対峙,夜の市街地（東京タワーの見える夜景・路地・人気のない通り）,夜,,,,,,,現代日本（modern-day Japan）,conte:page_105.png;conf:low
305,夜の街・対峙,夜の市街地（東京タワーの見える夜景・路地・人気のない通り）,夜,,静かに問う PAN UP,,,,,現代日本（modern-day Japan）,conte:page_106.png;conf:medium
306,夜の街・対峙,夜の市街地（東京タワーの見える夜景・路地・人気のない通り）,夜,,お隣さん、寂しい笑いを浮かべ,,,,,現代日本（modern-day Japan）,conte:page_106.png;conf:medium
307,夜の街・対峙,夜の市街地（東京タワーの見える夜景・路地・人気のない通り）,夜,,,,,,,現代日本（modern-day Japan）,conte:page_106.png;conf:low
308,夜の街・対峙,夜の市街地（東京タワーの見える夜景・路地・人気のない通り）,夜,,お隣さんから出るヤバイ感を感じて。ジワっと寄る 3ペドン。,,,,,現代日本（modern-day Japan）,conte:page_107.png;conf:medium
309,夜の街・対峙,夜の市街地（東京タワーの見える夜景・路地・人気のない通り）,夜,,,,,,,現代日本（modern-day Japan）,conte:page_107.png;conf:low
310,夜の街・対峙,夜の市街地（東京タワーの見える夜景・路地・人気のない通り）,夜,,挙動して見せる目。お隣さん視点で佐々木にのみフォーカス。,,,,,現代日本（modern-day Japan）,conte:page_107.png;conf:medium
311,夜の街・対峙,夜の市街地（東京タワーの見える夜景・路地・人気のない通り）,夜,,× 心配そうに見ている佐々木,,,,,現代日本（modern-day Japan）,conte:page_107.png;conf:medium
312,夜の街・対峙,夜の市街地（東京タワーの見える夜景・路地・人気のない通り）,夜,,外灯の下／かたきた／コピーの群れ,,,,,現代日本（modern-day Japan）,conte:page_108.png;conf:medium
313,夜の街・対峙,夜の市街地（東京タワーの見える夜景・路地・人気のない通り）,夜,,,,,,,現代日本（modern-day Japan）,conte:page_108.png;conf:low
